Date,Japan 10Y,Switzerland 10Y,Australia 10Y,Canada 10Y,U.S. 10Y,Germany 10Y,New Zealand 10Y,U.K. 10Y
2010-01-03,1.369,2.126,5.76,3.6,3.8360000000000003,3.3789999999999996,6.075,4.069
2010-01-10,1.33,2.0669999999999997,5.645,3.491,3.676,3.258,6.01,3.937
2010-01-17,1.335,2.0140000000000002,5.485,3.373,3.6010000000000004,3.218,5.975,3.9139999999999997
2010-01-24,1.33,2.003,5.45,3.35,3.588,3.19,5.955,3.9
2010-01-31,1.364,1.9709999999999999,5.462999999999999,3.359,3.571,3.114,5.885,3.8819999999999997
2010-02-07,1.3330000000000002,1.954,5.58,3.458,3.695,3.1919999999999997,5.88,4.034
2010-02-14,1.34,1.9909999999999999,5.648,3.497,3.7760000000000002,3.2889999999999997,5.895,4.276
2010-02-21,1.3090000000000002,1.916,5.51,3.395,3.6189999999999998,3.0989999999999998,5.795,4.032
2010-02-28,1.314,1.889,5.465,3.472,3.682,3.148,5.76,4.06
2010-03-07,1.35,1.942,5.675,3.54,3.7030000000000003,3.162,5.88,4.087
2010-03-14,1.367,1.946,5.655,3.487,3.693,3.109,5.92,3.955
2010-03-21,1.385,1.9240000000000002,5.7379999999999995,3.557,3.8510000000000004,3.15,6.02,4.0280000000000005
2010-03-28,1.3630000000000002,1.9240000000000002,5.7620000000000005,3.563,3.943,3.0860000000000003,5.995,3.923
2010-04-04,1.395,1.9340000000000002,5.83,3.65,3.8810000000000002,3.165,6.02,4.041
2010-04-11,1.35,1.939,5.84,3.682,3.77,3.0860000000000003,5.96,3.9819999999999998
2010-04-18,1.325,1.89,5.8,3.698,3.8169999999999997,3.053,5.95,4.04
2010-04-25,1.29,1.831,5.715,3.65,3.659,3.0189999999999997,5.94,3.9139999999999997
2010-05-02,1.2890000000000001,1.6569999999999998,5.452999999999999,3.5060000000000002,3.42,2.785,5.82,3.8369999999999997
2010-05-09,1.296,1.729,5.51,3.435,3.455,2.8680000000000003,5.825,3.741
2010-05-16,1.246,1.5190000000000001,5.412000000000001,3.365,3.236,2.665,5.65,3.56
2010-05-23,1.26,1.57,5.4479999999999995,3.301,3.303,2.676,5.58,3.5780000000000003
2010-05-30,1.272,1.5330000000000001,5.4270000000000005,3.29,3.208,2.568,5.63,3.509
2010-06-06,1.236,1.557,5.403,3.404,3.233,2.573,5.535,3.4730000000000003
2010-06-13,1.21,1.619,5.355,3.322,3.225,2.73,5.54,3.54
2010-06-20,1.15,1.55,5.2620000000000005,3.198,3.11,2.6180000000000003,5.505,3.3739999999999997
2010-06-27,1.1079999999999999,1.475,5.115,3.1039999999999996,2.984,2.5869999999999997,5.43,3.35
2010-07-04,1.169,1.453,5.11,3.2310000000000003,3.056,2.636,5.46,3.3360000000000003
2010-07-11,1.0959999999999999,1.4469999999999998,5.122000000000001,3.159,2.925,2.6039999999999996,5.415,3.3160000000000003
2010-07-18,1.075,1.4769999999999999,5.19,3.227,3.0,2.708,5.425,3.443
2010-07-25,1.062,1.4809999999999999,5.215,3.113,2.905,2.6710000000000003,5.35,3.322
2010-08-01,1.0659999999999998,1.396,5.16,3.075,2.822,2.516,5.37,3.225
2010-08-08,0.985,1.2590000000000001,5.03,2.984,2.679,2.394,5.25,3.1260000000000003
2010-08-15,0.93,1.145,4.925,2.927,2.614,2.267,5.17,2.972
2010-08-22,1.01,1.169,4.815,2.8739999999999997,2.647,2.2030000000000003,5.155,2.911
2010-08-29,1.146,1.265,4.865,2.946,2.702,2.355,5.31,3.0060000000000002
2010-09-05,1.165,1.4880000000000002,4.977,2.9739999999999998,2.795,2.4090000000000003,5.43,3.115
2010-09-12,1.082,1.455,5.115,2.923,2.739,2.4219999999999997,5.31,3.1189999999999998
2010-09-19,1.01,1.406,5.06,2.866,2.61,2.3480000000000003,5.16,3.0469999999999997
2010-09-26,0.965,1.41,5.063,2.795,2.513,2.279,5.05,2.965
2010-10-03,0.86,1.393,5.008,2.693,2.396,2.255,5.14,2.878
2010-10-10,0.88,1.508,5.1,2.795,2.5669999999999997,2.378,5.08,2.9560000000000004
2010-10-17,0.88,1.548,5.16,2.742,2.5610000000000004,2.479,5.125,2.952
2010-10-24,0.935,1.535,5.212999999999999,2.805,2.603,2.522,5.26,3.069
2010-10-31,0.9309999999999999,1.4609999999999999,5.252999999999999,2.8560000000000003,2.539,2.423,5.33,2.978
2010-11-07,1.003,1.544,5.365,3.023,2.7889999999999997,2.516,5.45,3.216
2010-11-14,1.088,1.554,5.505,3.141,2.873,2.705,5.69,3.383
2010-11-21,1.195,1.679,5.485,3.108,2.87,2.738,5.685,3.342
2010-11-28,1.21,1.72,5.47,3.19,3.0069999999999997,2.861,5.75,3.4160000000000004
2010-12-05,1.2,1.758,5.587999999999999,3.3080000000000003,3.323,2.9530000000000003,5.79,3.5189999999999997
2010-12-12,1.204,1.911,5.575,3.185,3.332,3.023,5.9,3.556
2010-12-19,1.158,1.715,5.655,3.1660000000000004,3.397,2.9819999999999998,5.89,3.51
2010-12-26,1.1159999999999999,1.7630000000000001,5.515,3.117,3.2880000000000003,2.949,5.9,3.395
2011-01-02,1.204,1.778,5.593,3.1830000000000003,3.3280000000000003,2.862,5.79,3.516
2011-01-09,1.2009999999999998,1.874,5.492000000000001,3.2710000000000004,3.3310000000000004,3.033,5.55,3.609
2011-01-16,1.2109999999999999,1.899,5.632999999999999,3.327,3.408,3.1830000000000003,5.61,3.696
2011-01-23,1.218,1.857,5.483,3.2460000000000004,3.3289999999999997,3.17,5.53,3.6510000000000002
2011-01-30,1.2819999999999998,1.912,5.67,3.4610000000000003,3.638,3.259,5.54,3.823
2011-02-06,1.306,1.919,5.68,3.472,3.638,3.2889999999999997,5.655,3.873
2011-02-13,1.31,1.916,5.622000000000001,3.469,3.582,3.253,5.64,3.805
2011-02-20,1.247,1.886,5.517,3.292,3.4160000000000004,3.145,5.545,3.7030000000000003
2011-02-27,1.3,1.859,5.565,3.335,3.492,3.2889999999999997,5.64,3.713
2011-03-06,1.2830000000000001,1.827,5.462999999999999,3.2760000000000002,3.4019999999999997,3.2039999999999997,5.61,3.6319999999999997
2011-03-13,1.21,1.79,5.398,3.17,3.2680000000000002,3.1889999999999996,5.535,3.509
2011-03-20,1.217,1.854,5.443,3.2460000000000004,3.4419999999999997,3.2710000000000004,5.61,3.615
2011-03-27,1.285,1.992,5.5520000000000005,3.367,3.45,3.385,5.7,3.734
2011-04-03,1.3230000000000002,2.119,5.6370000000000005,3.444,3.583,3.486,5.77,3.8110000000000004
2011-04-10,1.285,2.088,5.602,3.306,3.4130000000000003,3.383,5.79,3.6
2011-04-17,1.217,2.061,5.528,3.2910000000000004,3.3939999999999997,3.27,5.675,3.5260000000000002
2011-04-24,1.206,2.035,5.44,3.213,3.29,3.236,5.465,3.4810000000000003
2011-05-01,1.135,2.001,5.4179999999999975,3.195,3.15,3.18,5.27,3.383
2011-05-08,1.122,1.9080000000000001,5.365,3.195,3.1689999999999996,3.0839999999999996,5.265,3.366
2011-05-15,1.128,1.881,5.327000000000001,3.147,3.147,3.068,5.17,3.346
2011-05-22,1.121,1.7930000000000001,5.252999999999999,3.063,3.072,2.9789999999999996,5.12,3.293
2011-05-29,1.135,1.807,5.2620000000000005,2.9960000000000004,2.991,3.0589999999999997,5.125,3.287
2011-06-05,1.1340000000000001,1.7180000000000002,5.188,3.01,2.9730000000000003,2.966,5.09,3.2260000000000004
2011-06-12,1.119,1.74,5.105,2.946,2.944,2.955,5.0,3.198
2011-06-19,1.111,1.729,5.0969999999999995,2.866,2.8710000000000004,2.8339999999999996,5.02,3.1319999999999997
2011-06-26,1.147,1.7830000000000001,5.278,3.1260000000000003,3.182,3.054,5.18,3.3960000000000004
2011-07-03,1.177,1.739,5.222,2.965,3.03,2.835,5.15,3.194
2011-07-10,1.085,1.569,4.955,2.8810000000000002,2.908,2.7039999999999997,5.01,3.08
2011-07-17,1.097,1.6130000000000002,5.0,2.932,2.964,2.8169999999999997,5.15,3.1060000000000003
2011-07-24,1.079,1.436,4.825,2.8339999999999996,2.792,2.544,4.96,2.861
2011-07-31,1.0090000000000001,1.328,4.565,2.641,2.563,2.36,4.595,2.6860000000000004
2011-08-07,1.046,1.2919999999999998,4.398,2.469,2.26,2.334,4.48,2.536
2011-08-14,0.9890000000000001,1.0170000000000001,4.24,2.305,2.0669999999999997,2.099,4.45,2.39
2011-08-21,1.043,1.093,4.407,2.4,2.19,2.1519999999999997,4.54,2.504
2011-08-28,1.064,1.071,4.418,2.303,1.994,2.012,4.605,2.444
2011-09-04,1.008,1.102,4.273,2.113,1.915,1.777,4.54,2.265
2011-09-11,1.0090000000000001,1.115,4.22,2.2880000000000003,2.057,1.857,4.5,2.483
2011-09-18,0.986,0.972,4.03,2.075,1.83,1.745,4.27,2.363
2011-09-25,1.032,1.03,4.25,2.154,1.9169999999999998,1.886,4.455,2.431
2011-10-02,0.988,1.105,4.293,2.24,2.075,2.005,4.49,2.471
2011-10-09,1.0190000000000001,1.135,4.435,2.403,2.251,2.198,4.6,2.6010000000000004
2011-10-16,1.012,1.1059999999999999,4.477,2.365,2.2159999999999997,2.116,4.65,2.532
2011-10-23,1.046,1.111,4.56,2.427,2.324,2.1959999999999997,4.57,2.609
2011-10-30,0.991,0.9640000000000001,4.315,2.1630000000000003,2.0380000000000003,1.821,4.38,2.312
2011-11-06,0.972,0.951,4.145,2.14,2.057,1.8530000000000002,4.205,2.279
2011-11-13,0.9470000000000001,0.958,4.035,2.13,2.005,1.969,3.935,2.276
2011-11-20,1.0270000000000001,0.9540000000000001,3.865,2.112,1.965,2.262,3.995,2.3209999999999997
2011-11-27,1.07,0.9159999999999999,4.0280000000000005,2.116,2.033,2.17,4.1,2.312
2011-12-04,1.0190000000000001,0.8390000000000001,3.825,2.065,2.063,2.1109999999999998,3.935,2.145
2011-12-11,0.9840000000000001,0.797,3.785,1.867,1.851,1.876,3.835,2.066
2011-12-18,0.977,0.79,3.87,2.013,2.021,1.9480000000000002,3.875,2.0380000000000003
2011-12-25,0.988,0.7440000000000001,3.8,1.944,1.876,1.8159999999999998,3.85,1.9769999999999999
2012-01-01,0.9840000000000001,0.753,3.932,1.9380000000000002,1.9580000000000002,1.85,3.83,2.029
2012-01-08,0.9540000000000001,0.757,3.94,1.926,1.871,1.764,3.865,1.9709999999999999
2012-01-15,0.987,0.775,3.94,2.062,2.025,1.936,3.87,2.12
2012-01-22,0.9740000000000001,0.7559999999999999,3.945,1.9909999999999999,1.891,1.859,3.945,2.05
2012-01-29,0.9570000000000001,0.754,3.82,2.013,1.9240000000000002,1.9409999999999998,3.805,2.185
2012-02-05,0.986,0.8170000000000001,4.128,2.0540000000000003,1.984,1.9469999999999998,3.98,2.1430000000000002
2012-02-12,0.9540000000000001,0.81,4.148,2.059,2.0,1.929,4.045,2.1790000000000003
2012-02-19,0.982,0.77,4.22,2.023,1.9769999999999999,1.881,4.185,2.069
2012-02-26,0.9940000000000001,0.685,4.207,1.959,1.979,1.805,4.2,2.149
2012-03-04,0.996,0.7090000000000001,4.105,2.009,2.03,1.801,4.115,2.154
2012-03-11,1.051,0.9359999999999999,4.332,2.242,2.298,2.049,4.225,2.445
2012-03-18,1.033,0.8959999999999999,4.3,2.18,2.233,1.8730000000000002,4.245,2.275
2012-03-25,0.993,0.857,4.077,2.112,2.214,1.805,4.09,2.202
2012-04-01,0.995,0.8109999999999999,4.065,2.128,2.0469999999999997,1.74,4.135,2.157
2012-04-08,0.953,0.752,3.85,1.9869999999999999,1.989,1.729,4.045,2.041
2012-04-15,0.9420000000000001,0.7659999999999999,3.838,2.063,1.959,1.723,3.99,2.175
2012-04-22,0.898,0.72,3.66,2.0869999999999997,1.9369999999999998,1.696,3.805,2.123
2012-04-29,0.894,0.667,3.57,2.019,1.879,1.587,3.75,1.999
2012-05-06,0.858,0.638,3.3280000000000003,1.97,1.841,1.526,3.75,1.963
2012-05-13,0.8320000000000001,0.616,3.092,1.8969999999999998,1.723,1.425,3.53,1.825
2012-05-20,0.8909999999999999,0.638,3.158,1.801,1.746,1.376,3.58,1.7519999999999998
2012-05-27,0.8170000000000001,0.4970000000000001,2.8680000000000003,1.633,1.459,1.178,3.33,1.5330000000000001
2012-06-03,0.86,0.586,3.053,1.811,1.632,1.3159999999999998,3.415,1.6269999999999998
2012-06-10,0.852,0.57,3.0,1.723,1.5859999999999999,1.4340000000000002,3.41,1.666
2012-06-17,0.8320000000000001,0.57,3.07,1.8090000000000002,1.676,1.577,3.42,1.724
2012-06-24,0.8390000000000001,0.6579999999999999,3.092,1.7369999999999999,1.643,1.605,3.485,1.735
2012-07-01,0.809,0.5479999999999999,3.015,1.689,1.5490000000000002,1.337,3.555,1.594
2012-07-08,0.777,0.5379999999999999,2.795,1.6369999999999998,1.4909999999999999,1.263,3.335,1.551
2012-07-15,0.745,0.479,2.8480000000000003,1.6130000000000002,1.4580000000000002,1.162,3.365,1.484
2012-07-22,0.748,0.53,2.858,1.7469999999999999,1.545,1.392,3.385,1.538
2012-07-29,0.7390000000000001,0.51,3.043,1.771,1.568,1.4080000000000001,3.58,1.564
2012-08-05,0.802,0.5760000000000001,3.15,1.7819999999999998,1.659,1.383,3.68,1.5430000000000001
2012-08-12,0.8370000000000001,0.562,3.378,1.946,1.814,1.489,3.83,1.673
2012-08-19,0.8109999999999999,0.519,3.195,1.83,1.6869999999999998,1.367,3.72,1.528
2012-08-26,0.7979999999999999,0.507,3.043,1.776,1.548,1.34,3.488,1.474
2012-09-02,0.8220000000000001,0.589,3.102,1.854,1.6680000000000001,1.5219999999999998,3.67,1.686
2012-09-09,0.802,0.649,3.197,1.9680000000000002,1.869,1.71,3.68,1.966
2012-09-16,0.802,0.609,3.313,1.849,1.754,1.598,3.65,1.834
2012-09-23,0.773,0.528,3.043,1.7280000000000002,1.633,1.4340000000000002,3.47,1.7309999999999999
2012-09-30,0.778,0.539,3.057,1.807,1.732,1.528,3.515,1.771
2012-10-07,0.768,0.4970000000000001,3.05,1.801,1.656,1.459,3.528,1.72
2012-10-14,0.784,0.525,3.207,1.8459999999999999,1.766,1.6019999999999999,3.628,1.88
2012-10-21,0.768,0.506,3.265,1.8359999999999999,1.749,1.544,3.595,1.8630000000000002
2012-10-28,0.7829999999999999,0.486,3.182,1.77,1.7169999999999999,1.452,3.543,1.857
2012-11-04,0.7390000000000001,0.4320000000000001,3.112,1.715,1.6130000000000002,1.344,3.478,1.736
2012-11-11,0.737,0.4320000000000001,3.037,1.696,1.584,1.318,3.4130000000000003,1.733
2012-11-18,0.742,0.48700000000000004,3.303,1.786,1.693,1.4380000000000002,3.528,1.8419999999999999
2012-11-25,0.7120000000000001,0.42100000000000004,3.168,1.7009999999999998,1.6159999999999999,1.383,3.533,1.776
2012-12-02,0.706,0.401,3.1319999999999997,1.71,1.6230000000000002,1.296,3.603,1.743
2012-12-09,0.733,0.45299999999999996,3.35,1.79,1.704,1.355,3.615,1.8619999999999999
2012-12-16,0.765,0.485,3.33,1.807,1.77,1.38,3.568,1.886
2012-12-23,0.802,0.452,3.338,1.77,1.7009999999999998,1.306,3.5580000000000003,1.821
2012-12-30,0.833,0.521,3.45,1.9369999999999998,1.903,1.545,3.653,2.117
2013-01-06,0.8220000000000001,0.6759999999999999,3.485,1.944,1.8659999999999999,1.584,3.543,2.083
2013-01-13,0.7559999999999999,0.71,3.415,1.921,1.84,1.558,3.525,2.012
2013-01-20,0.73,0.758,3.3280000000000003,1.952,1.949,1.6380000000000001,3.5980000000000003,2.056
2013-01-27,0.772,0.785,3.51,2.042,2.025,1.665,3.77,2.097
2013-02-03,0.765,0.7709999999999999,3.475,1.955,1.95,1.61,3.765,2.095
2013-02-10,0.755,0.797,3.557,2.017,2.005,1.659,3.917,2.1919999999999997
2013-02-17,0.731,0.787,3.533,1.944,1.962,1.568,3.892,2.112
2013-02-24,0.659,0.705,3.35,1.8,1.845,1.413,3.73,1.87
2013-03-03,0.662,0.78,3.56,1.935,2.049,1.526,3.822,2.062
2013-03-10,0.622,0.782,3.6319999999999997,1.8969999999999998,1.9909999999999999,1.452,3.805,1.9380000000000002
2013-03-17,0.5670000000000001,0.7509999999999999,3.572,1.818,1.9269999999999998,1.3780000000000001,3.687,1.8519999999999999
2013-03-24,0.556,0.728,3.425,1.875,1.8519999999999999,1.2819999999999998,3.523,1.768
2013-03-31,0.535,0.628,3.318,1.7519999999999998,1.714,1.21,3.468,1.631
2013-04-07,0.619,0.682,3.3089999999999997,1.74,1.7209999999999999,1.2590000000000001,3.38,1.7280000000000002
2013-04-14,0.585,0.6409999999999999,3.2,1.712,1.705,1.252,3.28,1.663
2013-04-21,0.593,0.594,3.1710000000000003,1.705,1.665,1.209,3.245,1.6780000000000002
2013-04-28,0.5660000000000001,0.5760000000000001,3.05,1.7719999999999998,1.74,1.245,3.18,1.7269999999999999
2013-05-05,0.696,0.629,3.24,1.886,1.9,1.386,3.38,1.891
2013-05-12,0.809,0.629,3.174,1.9269999999999998,1.954,1.3159999999999998,3.375,1.8869999999999998
2013-05-19,0.838,0.684,3.318,1.953,2.011,1.431,3.5,1.8980000000000001
2013-05-26,0.867,0.736,3.3760000000000003,2.068,2.1319999999999997,1.511,3.605,2.004
2013-06-02,0.847,0.8079999999999999,3.26,2.149,2.1790000000000003,1.546,3.57,2.069
2013-06-09,0.823,0.8270000000000001,3.406,2.124,2.13,1.5130000000000001,3.75,2.061
2013-06-16,0.884,0.9640000000000001,3.734,2.4459999999999997,2.542,1.74,4.12,2.412
2013-06-23,0.8440000000000001,1.041,3.77,2.4419999999999997,2.487,1.73,4.16,2.443
2013-06-30,0.863,1.042,3.841,2.556,2.736,1.723,4.345,2.49
2013-07-07,0.8220000000000001,1.018,3.753,2.435,2.592,1.554,4.305,2.3280000000000003
2013-07-14,0.8079999999999999,0.975,3.687,2.3609999999999998,2.4819999999999998,1.525,4.165,2.285
2013-07-21,0.792,1.045,3.7960000000000003,2.452,2.5639999999999996,1.666,4.235,2.379
2013-07-28,0.8140000000000001,1.061,3.775,2.487,2.5980000000000003,1.6580000000000001,4.25,2.428
2013-08-04,0.758,0.9840000000000001,3.7239999999999998,2.48,2.58,1.682,4.365,2.461
2013-08-11,0.764,1.035,3.986,2.714,2.825,1.8769999999999998,4.605,2.7039999999999997
2013-08-18,0.769,1.158,4.058,2.693,2.818,1.932,4.71,2.71
2013-08-25,0.72,1.0859999999999999,3.9130000000000003,2.62,2.7889999999999997,1.855,4.575,2.7739999999999996
2013-09-01,0.797,1.117,4.1610000000000005,2.7710000000000004,2.9339999999999997,1.9469999999999998,4.765,2.9410000000000003
2013-09-08,0.728,1.169,4.11,2.765,2.89,1.975,4.815,2.9130000000000003
2013-09-15,0.696,1.12,4.046,2.6919999999999997,2.736,1.953,4.75,2.9210000000000003
2013-09-22,0.684,1.021,3.9760000000000004,2.559,2.628,1.78,4.635,2.7089999999999996
2013-09-29,0.654,1.0659999999999998,4.066,2.5839999999999996,2.645,1.8330000000000002,4.665,2.74
2013-10-06,0.6579999999999999,1.051,4.1560000000000015,2.592,2.6910000000000003,1.8619999999999999,4.815,2.739
2013-10-13,0.622,1.041,4.132,2.529,2.583,1.8359999999999999,4.725,2.716
2013-10-20,0.618,0.991,3.988,2.4219999999999997,2.511,1.754,4.54,2.6210000000000004
2013-10-27,0.598,0.987,4.0760000000000005,2.496,2.62,1.693,4.565,2.648
2013-11-03,0.597,0.975,4.136,2.609,2.7510000000000003,1.7630000000000001,4.7,2.7689999999999997
2013-11-10,0.636,0.9590000000000001,4.211,2.56,2.7030000000000003,1.709,4.735,2.7489999999999997
2013-11-17,0.636,0.915,4.359,2.574,2.7439999999999998,1.749,4.795,2.792
2013-11-24,0.612,0.8809999999999999,4.239,2.55,2.7460000000000004,1.69,4.8,2.77
2013-12-01,0.675,0.973,4.444,2.6919999999999997,2.8569999999999998,1.837,4.815,2.9010000000000002
2013-12-08,0.69,0.988,4.3389999999999995,2.6639999999999997,2.866,1.828,4.87,2.9010000000000002
2013-12-15,0.69,1.0590000000000002,4.284,2.674,2.89,1.8659999999999999,4.76,2.946
2013-12-22,0.713,1.092,4.2810000000000015,2.7880000000000003,3.002,1.9509999999999998,4.75,3.0780000000000003
2013-12-29,0.737,1.077,4.343999999999999,2.75,2.998,1.944,4.755,3.0239999999999996
2014-01-05,0.701,1.227,4.274,2.56,2.86,1.8459999999999999,4.735,2.8739999999999997
2014-01-12,0.675,1.149,4.113,2.508,2.821,1.755,4.63,2.833
2014-01-19,0.633,1.052,4.104,2.4,2.719,1.655,4.61,2.766
2014-01-26,0.626,0.985,4.0360000000000005,2.3369999999999997,2.6439999999999997,1.659,4.59,2.7119999999999997
2014-02-02,0.621,1.0190000000000001,4.1339999999999995,2.406,2.6839999999999997,1.661,4.59,2.713
2014-02-09,0.598,1.035,4.144,2.467,2.745,1.6869999999999998,4.62,2.795
2014-02-16,0.601,1.015,4.208,2.411,2.7319999999999998,1.6669999999999998,4.61,2.783
2014-02-23,0.586,0.9990000000000001,4.033,2.424,2.6489999999999996,1.6269999999999998,4.58,2.721
2014-03-02,0.625,1.036,4.183,2.522,2.79,1.653,4.65,2.7960000000000003
2014-03-09,0.625,0.965,4.067,2.395,2.656,1.547,4.545,2.668
2014-03-16,0.601,1.012,4.1560000000000015,2.485,2.7460000000000004,1.633,4.645,2.75
2014-03-23,0.63,0.9420000000000001,4.082,2.444,2.7230000000000003,1.551,4.6,2.725
2014-03-30,0.649,0.914,4.164,2.4930000000000003,2.7260000000000004,1.557,4.67,2.685
2014-04-06,0.609,0.872,4.022,2.401,2.628,1.506,4.61,2.613
2014-04-13,0.602,0.8690000000000001,3.955,2.445,2.721,1.515,4.535,2.67
2014-04-20,0.624,0.853,3.971,2.4090000000000003,2.6660000000000004,1.483,4.515,2.64
2014-04-27,0.611,0.841,3.9130000000000003,2.352,2.5860000000000003,1.452,4.42,2.6430000000000002
2014-05-04,0.609,0.812,3.826,2.364,2.623,1.459,4.275,2.6860000000000004
2014-05-11,0.5920000000000001,0.748,3.7230000000000003,2.2640000000000002,2.523,1.3359999999999999,4.295,2.5639999999999996
2014-05-18,0.5920000000000001,0.792,3.813,2.307,2.536,1.412,4.35,2.638
2014-05-25,0.579,0.723,3.682,2.246,2.475,1.357,4.275,2.571
2014-06-01,0.599,0.7020000000000001,3.7910000000000004,2.319,2.597,1.357,4.385,2.656
2014-06-08,0.605,0.762,3.795,2.313,2.608,1.371,4.5,2.7460000000000004
2014-06-15,0.586,0.713,3.6830000000000003,2.296,2.608,1.349,4.46,2.761
2014-06-22,0.565,0.652,3.535,2.251,2.536,1.263,4.43,2.641
2014-06-29,0.568,0.649,3.591,2.332,2.641,1.266,4.505,2.759
2014-07-06,0.537,0.603,3.428,2.2159999999999997,2.516,1.204,4.445,2.603
2014-07-13,0.545,0.539,3.3710000000000004,2.166,2.4819999999999998,1.16,4.325,2.572
2014-07-20,0.536,0.515,3.455,2.117,2.467,1.146,4.255,2.572
2014-07-27,0.539,0.552,3.5410000000000004,2.119,2.494,1.14,4.3,2.549
2014-08-03,0.509,0.45399999999999996,3.324,2.066,2.4219999999999997,1.053,4.175,2.461
2014-08-10,0.505,0.45799999999999996,3.3989999999999996,2.02,2.3409999999999997,0.968,4.17,2.3280000000000003
2014-08-17,0.511,0.493,3.484,2.076,2.403,0.987,4.265,2.406
2014-08-24,0.4970000000000001,0.435,3.3,1.9969999999999999,2.345,0.888,4.08,2.37
2014-08-31,0.545,0.48100000000000004,3.48,2.12,2.459,0.934,4.21,2.463
2014-09-07,0.5770000000000001,0.528,3.6510000000000002,2.242,2.609,1.0859999999999999,4.285,2.532
2014-09-14,0.563,0.506,3.739,2.248,2.5780000000000003,1.044,4.31,2.544
2014-09-21,0.525,0.475,3.503,2.1630000000000003,2.528,0.968,4.15,2.469
2014-09-28,0.52,0.478,3.4739999999999998,2.095,2.436,0.932,4.135,2.403
2014-10-05,0.503,0.446,3.342,2.01,2.286,0.893,4.105,2.217
2014-10-12,0.475,0.45399999999999996,3.239,1.952,2.199,0.865,3.995,2.194
2014-10-19,0.467,0.47100000000000003,3.281,2.0140000000000002,2.266,0.888,4.02,2.229
2014-10-26,0.457,0.461,3.2910000000000004,2.048,2.335,0.841,4.015,2.249
2014-11-02,0.48,0.4370000000000001,3.363,2.0269999999999997,2.301,0.825,4.09,2.213
2014-11-09,0.484,0.382,3.339,2.0340000000000003,2.319,0.7909999999999999,4.105,2.117
2014-11-16,0.46,0.376,3.292,2.008,2.312,0.7709999999999999,4.075,2.048
2014-11-23,0.42,0.308,3.0580000000000003,1.848,2.173,0.7020000000000001,3.92,1.929
2014-11-30,0.435,0.304,3.054,1.9580000000000002,2.307,0.7829999999999999,3.86,2.019
2014-12-07,0.395,0.27,2.91,1.757,2.083,0.626,3.755,1.8
2014-12-14,0.35200000000000004,0.33799999999999997,2.9930000000000003,1.8119999999999998,2.16,0.594,3.78,1.85
2014-12-21,0.33,0.379,2.9589999999999996,1.913,2.252,0.595,3.74,1.882
2014-12-28,0.33,0.368,2.873,1.744,2.114,0.498,3.67,1.7180000000000002
2015-01-04,0.282,0.23600000000000002,2.73,1.6540000000000001,1.95,0.48200000000000004,3.6,1.599
2015-01-11,0.24100000000000002,0.065,2.5380000000000003,1.54,1.831,0.45799999999999996,3.385,1.537
2015-01-18,0.247,-0.257,2.615,1.4480000000000002,1.7890000000000001,0.366,3.385,1.479
2015-01-25,0.28600000000000003,-0.026000000000000002,2.474,1.251,1.639,0.313,3.195,1.334
2015-02-01,0.344,-0.057999999999999996,2.447,1.45,1.9580000000000002,0.374,3.195,1.6469999999999998
2015-02-08,0.418,0.048,2.519,1.426,2.0469999999999997,0.349,3.285,1.6780000000000002
2015-02-15,0.391,0.065,2.585,1.4169999999999998,2.115,0.3720000000000001,3.355,1.767
2015-02-22,0.34,0.026000000000000002,2.485,1.3,1.996,0.324,3.31,1.798
2015-03-01,0.38799999999999996,0.0,2.65,1.6130000000000002,2.247,0.4,3.375,1.9509999999999998
2015-03-08,0.418,-0.006,2.56,1.475,2.1180000000000003,0.259,3.4,1.709
2015-03-15,0.327,-0.06,2.383,1.304,1.932,0.185,3.255,1.516
2015-03-22,0.38,-0.033,2.42,1.3769999999999998,1.96,0.209,3.29,1.544
2015-03-29,0.358,-0.063,2.306,1.314,1.8419999999999999,0.183,3.21,1.591
2015-04-05,0.344,-0.09699999999999999,2.376,1.374,1.949,0.156,3.205,1.5819999999999999
2015-04-12,0.309,-0.17600000000000002,2.36,1.41,1.865,0.079,3.18,1.585
2015-04-19,0.292,-0.079,2.5610000000000004,1.442,1.9140000000000001,0.158,3.405,1.6469999999999998
2015-04-26,0.364,0.017,2.678,1.661,2.112,0.364,3.505,1.844
2015-05-03,0.419,0.07,2.862,1.7009999999999998,2.142,0.545,3.61,1.879
2015-05-10,0.397,0.055999999999999994,2.935,1.714,2.148,0.639,3.71,1.875
2015-05-17,0.419,0.013999999999999999,2.9360000000000004,1.771,2.215,0.603,3.78,1.929
2015-05-24,0.396,-0.064,2.738,1.6219999999999999,2.123,0.486,3.65,1.815
2015-05-31,0.48700000000000004,0.098,3.056,1.8259999999999998,2.4090000000000003,0.8490000000000001,3.885,2.081
2015-06-07,0.506,0.16399999999999998,3.016,1.807,2.39,0.852,3.88,1.9909999999999999
2015-06-14,0.424,0.14300000000000002,2.8760000000000003,1.715,2.261,0.762,3.67,2.008
2015-06-21,0.474,0.16699999999999998,3.063,1.8719999999999999,2.474,0.922,3.73,2.188
2015-06-28,0.48700000000000004,0.09300000000000001,3.089,1.699,2.386,0.794,3.64,2.0
2015-07-05,0.43799999999999994,0.091,2.964,1.685,2.401,0.8959999999999999,3.52,2.0780000000000003
2015-07-12,0.428,0.069,2.965,1.567,2.347,0.79,3.49,2.079
2015-07-19,0.415,-0.049,2.8,1.4869999999999999,2.262,0.7,3.33,1.9380000000000002
2015-07-26,0.41200000000000003,-0.036000000000000004,2.765,1.4409999999999998,2.187,0.648,3.37,1.883
2015-08-02,0.42100000000000004,-0.125,2.838,1.42,2.166,0.6579999999999999,3.4,1.85
2015-08-09,0.38,-0.159,2.786,1.392,2.201,0.657,3.345,1.8780000000000001
2015-08-16,0.358,-0.205,2.588,1.2670000000000001,2.045,0.5720000000000001,3.23,1.692
2015-08-23,0.386,-0.145,2.721,1.444,2.184,0.726,3.275,1.965
2015-08-30,0.374,-0.14300000000000002,2.648,1.439,2.131,0.664,3.31,1.828
2015-09-06,0.353,-0.08,2.741,1.473,2.187,0.6579999999999999,3.295,1.828
2015-09-13,0.34,-0.048,2.783,1.462,2.134,0.665,3.35,1.8319999999999999
2015-09-20,0.32799999999999996,-0.085,2.71,1.525,2.166,0.6509999999999999,3.345,1.841
2015-09-27,0.327,-0.22399999999999998,2.609,1.403,1.9909999999999999,0.516,3.34,1.7009999999999998
2015-10-04,0.32799999999999996,-0.17600000000000002,2.6860000000000004,1.5190000000000001,2.09,0.621,3.46,1.8630000000000002
2015-10-11,0.321,-0.22,2.6010000000000004,1.466,2.035,0.5489999999999999,3.315,1.8019999999999998
2015-10-18,0.307,-0.301,2.611,1.506,2.0869999999999997,0.508,3.33,1.8630000000000002
2015-10-25,0.304,-0.272,2.633,1.541,2.146,0.523,3.32,1.923
2015-11-01,0.32,-0.275,2.7889999999999997,1.714,2.325,0.6971,3.39,2.04
2015-11-08,0.31,-0.308,2.96,1.649,2.275,0.5621,3.605,1.9809999999999999
2015-11-15,0.314,-0.324,2.8989999999999996,1.625,2.2640000000000002,0.4794,3.595,1.876
2015-11-22,0.304,-0.379,2.845,1.568,2.222,0.4553,3.545,1.818
2015-11-29,0.33399999999999996,-0.243,2.952,1.58,2.273,0.6897,3.585,1.9240000000000002
2015-12-06,0.318,-0.217,2.859,1.4069999999999998,2.1319999999999997,0.5432,3.57,1.815
2015-12-13,0.276,-0.16399999999999998,2.767,1.401,2.204,0.551,3.56,1.8319999999999999
2015-12-20,0.285,-0.091,2.8280000000000003,1.379,2.245,0.6284,3.6,1.923
2015-12-27,0.272,-0.075,2.889,1.393,2.269,0.6346,3.605,1.9609999999999999
2016-01-03,0.235,-0.09699999999999999,2.782,1.2990000000000002,2.116,0.5092,3.42,1.7719999999999998
2016-01-10,0.23,-0.151,2.713,1.1520000000000001,2.037,0.4726,3.335,1.665
2016-01-17,0.235,-0.18600000000000005,2.7289999999999996,1.318,2.057,0.485,3.27,1.714
2016-01-24,0.114,-0.278,2.67,1.22,1.923,0.33399999999999996,3.235,1.5619999999999998
2016-01-31,0.039,-0.27,2.556,1.13,1.8430000000000002,0.301,3.165,1.5630000000000002
2016-02-07,0.076,-0.267,2.398,1.135,1.746,0.265,3.01,1.42
2016-02-14,0.012,-0.321,2.437,1.12,1.743,0.205,3.075,1.4180000000000001
2016-02-21,-0.059000000000000004,-0.41600000000000004,2.399,1.183,1.764,0.146,2.985,1.4
2016-02-28,-0.028999999999999998,-0.40399999999999997,2.574,1.251,1.876,0.239,3.07,1.4869999999999999
2016-03-06,-0.008,-0.32899999999999996,2.6719999999999997,1.3630000000000002,1.98,0.28,3.01,1.578
2016-03-13,-0.09699999999999999,-0.29600000000000004,2.5580000000000003,1.284,1.8769999999999998,0.218,3.005,1.452
2016-03-20,-0.09,-0.33299999999999996,2.5989999999999998,1.274,1.9,0.179,3.065,1.456
2016-03-27,-0.063,-0.336,2.541,1.239,1.774,0.145,2.95,1.411
2016-04-03,-0.078,-0.355,2.415,1.228,1.7169999999999999,0.09699999999999999,2.84,1.367
2016-04-10,-0.105,-0.35,2.574,1.273,1.754,0.133,2.875,1.422
2016-04-17,-0.11699999999999999,-0.272,2.628,1.516,1.891,0.23199999999999998,2.885,1.6
2016-04-24,-0.076,-0.25,2.521,1.514,1.835,0.282,2.86,1.598
2016-05-01,-0.11,-0.29600000000000004,2.285,1.354,1.7790000000000001,0.146,2.63,1.421
2016-05-08,-0.10800000000000001,-0.315,2.282,1.276,1.702,0.129,2.65,1.3780000000000001
2016-05-15,-0.096,-0.293,2.299,1.349,1.844,0.171,2.715,1.452
2016-05-22,-0.11199999999999999,-0.316,2.267,1.358,1.851,0.14300000000000002,2.585,1.4369999999999998
2016-05-29,-0.098,-0.39899999999999997,2.227,1.178,1.702,0.07400000000000001,2.635,1.2790000000000001
2016-06-05,-0.147,-0.45399999999999996,2.117,1.1320000000000001,1.6440000000000001,0.021,2.585,1.235
2016-06-12,-0.14800000000000002,-0.511,2.09,1.12,1.611,0.02,2.475,1.145
2016-06-19,-0.191,-0.457,2.061,1.163,1.5619999999999998,-0.0517,2.39,1.088
2016-06-26,-0.248,-0.584,1.972,1.06,1.456,-0.1301,2.35,0.863
2016-07-03,-0.28,-0.596,1.889,0.96,1.358,-0.184,2.27,0.736
2016-07-10,-0.22699999999999998,-0.557,1.9969999999999999,1.082,1.558,0.006999999999999999,2.355,0.8340000000000001
2016-07-17,-0.22399999999999998,-0.506,1.895,1.099,1.5659999999999998,-0.028999999999999998,2.22,0.799
2016-07-24,-0.16699999999999998,-0.5770000000000001,1.871,1.028,1.45,-0.12,2.21,0.6859999999999999
2016-07-31,-0.08800000000000001,-0.523,1.89,1.071,1.59,-0.067,2.2,0.6729999999999999
2016-08-07,-0.10099999999999999,-0.552,1.903,1.005,1.51,-0.107,2.16,0.529
2016-08-14,-0.083,-0.488,1.9280000000000002,1.078,1.58,-0.034,2.23,0.619
2016-08-21,-0.068,-0.516,1.929,1.092,1.6280000000000001,-0.071,2.29,0.569
2016-08-28,-0.02,-0.46399999999999997,1.9080000000000001,1.063,1.607,-0.042,2.285,0.7290000000000001
2016-09-04,-0.013000000000000001,-0.44299999999999995,2.022,1.151,1.675,0.012,2.345,0.861
2016-09-11,-0.034,-0.40399999999999997,2.175,1.19,1.694,0.006999999999999999,2.58,0.875
2016-09-18,-0.048,-0.48,2.052,1.042,1.62,-0.081,2.41,0.732
2016-09-25,-0.078,-0.5710000000000001,1.972,0.997,1.598,-0.12,2.295,0.748
2016-10-02,-0.062,-0.513,2.1830000000000003,1.17,1.723,0.021,2.515,0.9790000000000001
2016-10-09,-0.054000000000000006,-0.478,2.275,1.249,1.805,0.059000000000000004,2.51,1.097
2016-10-16,-0.059000000000000004,-0.495,2.299,1.131,1.736,0.004,2.615,1.087
2016-10-23,-0.044000000000000004,-0.40299999999999997,2.383,1.228,1.849,0.168,2.73,1.261
2016-10-30,-0.06,-0.35700000000000004,2.36,1.16,1.778,0.135,2.785,1.13
2016-11-06,-0.032,-0.175,2.5980000000000003,1.432,2.138,0.309,3.065,1.365
2016-11-13,0.04,-0.113,2.7230000000000003,1.579,2.3480000000000003,0.272,3.11,1.4580000000000002
2016-11-20,0.037000000000000005,-0.165,2.7910000000000004,1.56,2.359,0.24100000000000002,3.21,1.42
2016-11-27,0.04,-0.151,2.872,1.619,2.392,0.28,3.28,1.38
2016-12-04,0.055999999999999994,-0.092,2.85,1.7280000000000002,2.4659999999999997,0.366,3.295,1.4609999999999999
2016-12-11,0.08,-0.099,2.8960000000000004,1.831,2.5989999999999998,0.315,3.43,1.439
2016-12-18,0.055,-0.157,2.883,1.797,2.543,0.222,3.495,1.344
2016-12-25,0.049,-0.20600000000000002,2.773,1.714,2.4459999999999997,0.20800000000000002,3.4,1.24
2017-01-01,0.055999999999999994,-0.185,2.707,1.7280000000000002,2.421,0.299,3.2,1.382
2017-01-08,0.05,-0.16,2.714,1.715,2.398,0.34,3.145,1.3659999999999999
2017-01-15,0.066,-0.084,2.783,1.75,2.467,0.423,3.27,1.43
2017-01-22,0.08,-0.07,2.7969999999999997,1.777,2.4859999999999998,0.46299999999999997,3.44,1.469
2017-01-29,0.098,-0.073,2.798,1.7619999999999998,2.467,0.41200000000000003,3.405,1.3559999999999999
2017-02-05,0.087,-0.127,2.707,1.693,2.4090000000000003,0.314,3.225,1.2570000000000001
2017-02-12,0.092,-0.155,2.823,1.7109999999999999,2.42,0.302,3.36,1.212
2017-02-19,0.061,-0.212,2.739,1.6030000000000002,2.315,0.182,3.255,1.079
2017-02-26,0.076,-0.132,2.825,1.7,2.4819999999999998,0.355,3.33,1.185
2017-03-05,0.09,0.032,2.984,1.8090000000000002,2.575,0.484,3.42,1.2329999999999999
2017-03-12,0.076,-0.024,2.87,1.76,2.501,0.436,3.295,1.246
2017-03-19,0.064,-0.028999999999999998,2.7760000000000002,1.641,2.418,0.406,3.23,1.198
2017-03-26,0.071,-0.107,2.719,1.624,2.3890000000000002,0.331,3.21,1.14
2017-04-02,0.05,-0.158,2.551,1.594,2.3819999999999997,0.228,3.08,1.0759999999999998
2017-04-09,0.015,-0.19,2.468,1.494,2.2319999999999998,0.18899999999999997,2.96,1.044
2017-04-16,0.016,-0.215,2.5540000000000003,1.4669999999999999,2.246,0.253,2.995,1.035
2017-04-23,0.016,-0.12300000000000001,2.5860000000000003,1.55,2.289,0.324,3.075,1.0859999999999999
2017-04-30,0.021,-0.063,2.661,1.5430000000000001,2.35,0.415,3.065,1.117
2017-05-07,0.044000000000000004,-0.061,2.637,1.5719999999999998,2.326,0.39399999999999996,2.99,1.088
2017-05-14,0.039,-0.11199999999999999,2.487,1.4709999999999999,2.235,0.376,2.855,1.095
2017-05-21,0.036000000000000004,-0.136,2.4130000000000003,1.443,2.25,0.33299999999999996,2.82,1.01
2017-05-28,0.054000000000000006,-0.185,2.425,1.401,2.1590000000000003,0.273,2.79,1.038
2017-06-04,0.055999999999999994,-0.174,2.418,1.423,2.202,0.263,2.785,1.006
2017-06-11,0.055999999999999994,-0.154,2.424,1.5230000000000001,2.153,0.27699999999999997,2.795,1.0170000000000001
2017-06-18,0.055,-0.161,2.3890000000000002,1.475,2.144,0.256,2.75,1.035
2017-06-25,0.084,-0.027000000000000003,2.603,1.7619999999999998,2.3040000000000003,0.465,2.995,1.2590000000000001
2017-07-02,0.092,0.005,2.675,1.879,2.386,0.573,3.035,1.3090000000000002
2017-07-09,0.079,0.013000000000000001,2.733,1.895,2.332,0.594,2.985,1.3090000000000002
2017-07-16,0.07,-0.01,2.7119999999999997,1.885,2.237,0.505,2.945,1.175
2017-07-23,0.07400000000000001,0.042,2.699,2.028,2.291,0.542,3.0,1.216
2017-07-30,0.065,-0.064,2.635,1.921,2.2640000000000002,0.47100000000000003,2.91,1.176
2017-08-06,0.059000000000000004,-0.177,2.589,1.8519999999999999,2.191,0.385,2.81,1.063
2017-08-13,0.039,-0.121,2.6289999999999996,1.871,2.197,0.41600000000000004,2.86,1.09
2017-08-20,0.015,-0.135,2.657,1.874,2.169,0.38,2.91,1.053
2017-08-27,0.0,-0.12300000000000001,2.685,1.916,2.166,0.379,2.89,1.058
2017-09-03,-0.005,-0.168,2.59,1.983,2.0540000000000003,0.312,2.795,1.006
2017-09-10,0.022000000000000002,-0.055999999999999994,2.7569999999999997,2.0909999999999997,2.202,0.4320000000000001,2.955,1.3090000000000002
2017-09-17,0.024,-0.036000000000000004,2.804,2.112,2.253,0.447,3.025,1.355
2017-09-24,0.064,-0.011000000000000001,2.842,2.0980000000000003,2.339,0.46399999999999997,2.985,1.3659999999999999
2017-10-01,0.054000000000000006,-0.028999999999999998,2.821,2.127,2.3609999999999998,0.46,2.98,1.364
2017-10-08,0.065,-0.042,2.807,2.037,2.275,0.405,2.98,1.371
2017-10-15,0.073,-0.03,2.784,2.029,2.383,0.455,2.98,1.331
2017-10-22,0.071,-0.049,2.78,1.9880000000000002,2.416,0.384,3.05,1.35
2017-10-29,0.055999999999999994,-0.085,2.59,1.9569999999999999,2.333,0.364,2.875,1.2670000000000001
2017-11-05,0.04,-0.069,2.6180000000000003,1.97,2.4019999999999997,0.41,2.95,1.341
2017-11-12,0.036000000000000004,-0.12300000000000001,2.589,1.939,2.345,0.36200000000000004,2.885,1.296
2017-11-19,0.03,-0.125,2.51,1.889,2.34,0.361,2.795,1.251
2017-11-26,0.034,-0.145,2.536,1.9080000000000001,2.363,0.307,2.74,1.224
2017-12-03,0.051,-0.158,2.539,1.861,2.378,0.309,2.815,1.2790000000000001
2017-12-10,0.046,-0.16899999999999998,2.532,1.8359999999999999,2.351,0.302,2.735,1.1520000000000001
2017-12-17,0.052000000000000005,-0.057999999999999996,2.708,2.026,2.485,0.42200000000000004,2.77,1.2429999999999999
2017-12-24,0.05,-0.069,2.6630000000000003,2.042,2.405,0.4270000000000001,2.75,1.188
2017-12-31,0.059000000000000004,-0.09699999999999999,2.6289999999999996,2.156,2.476,0.44,2.79,1.246
2018-01-07,0.07400000000000001,0.006,2.722,2.176,2.55,0.515,2.875,1.337
2018-01-14,0.079,0.004,2.847,2.2430000000000003,2.661,0.568,2.995,1.339
2018-01-21,0.076,0.071,2.8289999999999997,2.2640000000000002,2.66,0.626,2.92,1.445
2018-01-28,0.085,0.156,2.823,2.362,2.841,0.768,2.97,1.579
2018-02-04,0.071,0.17600000000000002,2.8480000000000003,2.353,2.8569999999999998,0.747,2.97,1.5730000000000002
2018-02-11,0.06,0.157,2.904,2.319,2.873,0.7070000000000001,3.005,1.5819999999999999
2018-02-18,0.051,0.106,2.8369999999999997,2.247,2.866,0.654,2.985,1.521
2018-02-25,0.071,0.07400000000000001,2.72,2.199,2.8680000000000003,0.647,2.945,1.475
2018-03-04,0.051,0.10099999999999999,2.8080000000000003,2.271,2.8960000000000004,0.644,2.965,1.494
2018-03-11,0.038,0.075,2.6919999999999997,2.1390000000000002,2.845,0.5710000000000001,2.905,1.431
2018-03-18,0.023,0.059000000000000004,2.668,2.194,2.813,0.525,2.835,1.446
2018-03-25,0.046,0.024,2.583,2.092,2.741,0.493,2.735,1.351
2018-04-01,0.040999999999999995,-0.006,2.6719999999999997,2.144,2.775,0.5,2.82,1.395
2018-04-08,0.036000000000000004,0.018000000000000002,2.721,2.24,2.825,0.511,2.84,1.4369999999999998
2018-04-15,0.06,0.11599999999999999,2.819,2.339,2.96,0.59,2.88,1.48
2018-04-22,0.055999999999999994,0.092,2.833,2.3209999999999997,2.9589999999999996,0.57,2.905,1.446
2018-04-29,0.044000000000000004,0.048,2.7910000000000004,2.3280000000000003,2.951,0.545,2.805,1.399
2018-05-06,0.046,0.07200000000000001,2.79,2.378,2.97,0.5589999999999999,2.745,1.439
2018-05-13,0.059000000000000004,0.099,2.93,2.4859999999999998,3.06,0.5760000000000001,2.89,1.5
2018-05-20,0.042,0.001,2.7910000000000004,2.347,2.931,0.406,2.77,1.324
2018-05-27,0.044000000000000004,-0.066,2.695,2.247,2.9019999999999997,0.385,2.77,1.2819999999999998
2018-06-03,0.047,0.019,2.807,2.323,2.948,0.446,3.02,1.389
2018-06-10,0.037000000000000005,-0.028999999999999998,2.693,2.218,2.9219999999999997,0.40299999999999997,2.94,1.327
2018-06-17,0.032,-0.043,2.656,2.124,2.895,0.336,2.97,1.32
2018-06-24,0.031,-0.068,2.6519999999999997,2.167,2.86,0.303,2.88,1.2790000000000001
2018-07-01,0.031,-0.11800000000000001,2.6180000000000003,2.129,2.824,0.29600000000000004,2.843,1.2670000000000001
2018-07-08,0.045,-0.06,2.641,2.133,2.8289999999999997,0.284,2.883,1.273
2018-07-15,0.036000000000000004,-0.051,2.623,2.175,2.895,0.373,2.818,1.232
2018-07-22,0.099,-0.040999999999999995,2.661,2.296,2.958,0.405,2.763,1.28
2018-07-29,0.111,-0.032,2.73,2.353,2.951,0.41,2.8280000000000003,1.329
2018-08-05,0.10400000000000001,-0.106,2.625,2.302,2.873,0.321,2.613,1.2429999999999999
2018-08-12,0.095,-0.129,2.55,2.2680000000000002,2.864,0.306,2.603,1.235
2018-08-19,0.1,-0.105,2.5469999999999997,2.259,2.813,0.344,2.6,1.278
2018-08-26,0.10300000000000001,-0.098,2.525,2.228,2.86,0.331,2.56,1.43
2018-09-02,0.111,-0.065,2.551,2.2880000000000003,2.9389999999999996,0.391,2.553,1.46
2018-09-09,0.111,-0.015,2.603,2.345,2.9989999999999997,0.445,2.58,1.531
2018-09-16,0.131,0.008,2.702,2.43,3.0669999999999997,0.461,2.695,1.554
2018-09-23,0.126,0.040999999999999995,2.6710000000000003,2.427,3.065,0.47200000000000003,2.64,1.574
2018-09-30,0.149,0.08199999999999999,2.719,2.6010000000000004,3.233,0.5770000000000001,2.633,1.726
2018-10-07,0.149,0.084,2.753,2.499,3.167,0.498,2.68,1.6340000000000001
2018-10-14,0.149,0.023,2.688,2.5,3.196,0.45899999999999996,2.685,1.579
2018-10-21,0.11,-0.035,2.6010000000000004,2.394,3.077,0.35700000000000004,2.568,1.385
2018-10-28,0.128,0.015,2.662,2.5340000000000003,3.22,0.426,2.615,1.493
2018-11-04,0.121,0.006,2.758,2.5069999999999997,3.1860000000000004,0.40700000000000003,2.8280000000000003,1.492
2018-11-11,0.105,-0.025,2.681,2.363,3.065,0.3670000000000001,2.7430000000000003,1.4140000000000001
2018-11-18,0.096,-0.078,2.6630000000000003,2.339,3.0460000000000003,0.34,2.695,1.382
2018-11-25,0.086,-0.095,2.59,2.2680000000000002,2.9930000000000003,0.315,2.588,1.367
2018-12-02,0.055999999999999994,-0.14300000000000002,2.464,2.075,2.858,0.251,2.478,1.2690000000000001
2018-12-09,0.035,-0.085,2.4530000000000003,2.101,2.895,0.256,2.505,1.242
2018-12-16,0.042,-0.134,2.38,2.0269999999999997,2.7880000000000003,0.25,2.423,1.32
2018-12-23,0.002,-0.168,2.362,1.956,2.716,0.23399999999999999,2.418,1.268
2018-12-30,-0.037000000000000005,-0.14300000000000002,2.229,1.93,2.668,0.20600000000000002,2.36,1.2770000000000001
2019-01-06,0.015,-0.146,2.315,1.959,2.699,0.183,2.36,1.29
2019-01-13,0.01,-0.142,2.316,2.036,2.7880000000000003,0.263,2.3480000000000003,1.354
2019-01-20,0.0,-0.182,2.2119999999999997,1.9769999999999999,2.759,0.192,2.335,1.308
2019-01-27,-0.021,-0.23600000000000002,2.208,1.959,2.6839999999999997,0.166,2.225,1.249
2019-02-03,-0.027999999999999997,-0.299,2.084,1.881,2.634,0.08800000000000001,2.13,1.153
2019-02-10,-0.019,-0.29,2.105,1.895,2.6639999999999997,0.10400000000000001,2.225,1.161
2019-02-17,-0.038,-0.294,2.097,1.891,2.654,0.094,2.208,1.159
2019-02-24,-0.011000000000000001,-0.19899999999999998,2.147,1.9380000000000002,2.759,0.184,2.2030000000000003,1.296
2019-03-03,-0.032,-0.322,2.0269999999999997,1.765,2.63,0.071,2.1,1.19
2019-03-10,-0.037000000000000005,-0.299,1.98,1.716,2.591,0.083,2.0980000000000003,1.212
2019-03-17,-0.066,-0.426,1.8359999999999999,1.597,2.437,-0.012,2.008,1.012
2019-03-24,-0.092,-0.373,1.776,1.617,2.407,-0.071,1.8330000000000002,1.0
2019-03-31,-0.032,-0.295,1.902,1.7,2.499,0.006,2.028,1.117
2019-04-07,-0.053,-0.26899999999999996,1.8869999999999998,1.7830000000000001,2.562,0.057,2.043,1.212
2019-04-14,-0.024,-0.289,1.945,1.766,2.56,0.023,2.0,1.197
2019-04-21,-0.044000000000000004,-0.319,1.7890000000000001,1.6869999999999998,2.5,-0.021,1.9280000000000002,1.143
2019-04-28,-0.035,-0.29,1.796,1.765,2.53,0.024,1.92,1.22
2019-05-05,-0.048,-0.342,1.7169999999999999,1.733,2.4730000000000003,-0.044000000000000004,1.845,1.136
2019-05-12,-0.057,-0.386,1.655,1.689,2.3930000000000002,-0.10300000000000001,1.818,1.035
2019-05-19,-0.068,-0.425,1.54,1.614,2.324,-0.11599999999999999,1.7630000000000001,0.956
2019-05-26,-0.098,-0.46799999999999997,1.476,1.4880000000000002,2.133,-0.203,1.74,0.887
2019-06-02,-0.114,-0.505,1.484,1.462,2.084,-0.257,1.73,0.815
2019-06-09,-0.127,-0.479,1.375,1.435,2.084,-0.256,1.673,0.847
2019-06-16,-0.16399999999999998,-0.486,1.2790000000000001,1.484,2.059,-0.284,1.535,0.8440000000000001
2019-06-23,-0.159,-0.535,1.319,1.466,2.0069999999999997,-0.32799999999999996,1.595,0.8320000000000001
2019-06-30,-0.163,-0.636,1.285,1.571,2.039,-0.361,1.5430000000000001,0.738
2019-07-07,-0.115,-0.493,1.4409999999999998,1.609,2.124,-0.248,1.6480000000000001,0.836
2019-07-14,-0.134,-0.606,1.347,1.5090000000000001,2.057,-0.322,1.6,0.735
2019-07-21,-0.149,-0.688,1.232,1.466,2.074,-0.377,1.535,0.688
2019-07-28,-0.165,-0.8420000000000001,1.09,1.376,1.8430000000000002,-0.495,1.393,0.55
2019-08-04,-0.218,-0.9209999999999999,0.9420000000000001,1.273,1.745,-0.575,1.11,0.484
2019-08-11,-0.233,-1.087,0.878,1.1640000000000001,1.5619999999999998,-0.684,1.03,0.465
2019-08-18,-0.23399999999999999,-0.935,0.978,1.172,1.5330000000000001,-0.677,1.158,0.48
2019-08-25,-0.275,-1.008,0.892,1.1640000000000001,1.499,-0.703,1.095,0.479
2019-09-01,-0.244,-0.919,1.082,1.2819999999999998,1.56,-0.637,1.175,0.505
2019-09-08,-0.155,-0.65,1.173,1.5119999999999998,1.901,-0.445,1.35,0.76
2019-09-15,-0.214,-0.7659999999999999,1.058,1.3869999999999998,1.722,-0.522,1.18,0.628
2019-09-22,-0.239,-0.769,0.951,1.358,1.6869999999999998,-0.575,1.128,0.5
2019-09-29,-0.209,-0.784,0.893,1.234,1.5290000000000001,-0.5870000000000001,1.025,0.444
2019-10-06,-0.179,-0.6559999999999999,1.02,1.5190000000000001,1.734,-0.445,1.183,0.708
2019-10-13,-0.147,-0.575,1.113,1.545,1.754,-0.38,1.263,0.71
2019-10-20,-0.145,-0.557,1.058,1.5390000000000001,1.8,-0.364,1.228,0.6809999999999999
2019-10-27,-0.18,-0.534,1.1059999999999999,1.444,1.714,-0.381,1.3030000000000002,0.664
2019-11-03,-0.057999999999999996,-0.38,1.291,1.581,1.945,-0.261,1.405,0.7909999999999999
2019-11-10,-0.066,-0.495,1.161,1.482,1.8359999999999999,-0.335,1.43,0.73
2019-11-17,-0.079,-0.583,1.107,1.473,1.771,-0.359,1.3730000000000002,0.706
2019-11-24,-0.079,-0.612,1.024,1.462,1.774,-0.36,1.32,0.6990000000000001
2019-12-01,-0.011000000000000001,-0.601,1.126,1.579,1.8430000000000002,-0.287,1.51,0.774
2019-12-08,-0.019,-0.556,1.27,1.579,1.824,-0.29,1.6030000000000002,0.792
2019-12-15,0.008,-0.514,1.314,1.614,1.919,-0.25,1.653,0.785
2019-12-22,-0.01,-0.531,1.3019999999999998,1.599,1.8769999999999998,-0.252,1.65,0.7559999999999999
2019-12-29,-0.022000000000000002,-0.562,1.258,1.536,1.7930000000000001,-0.28,1.61,0.74
2020-01-05,0.002,-0.524,1.249,1.588,1.82,-0.235,1.51,0.7709999999999999
2020-01-12,0.0,-0.594,1.188,1.5619999999999998,1.825,-0.214,1.568,0.633
2020-01-19,-0.022000000000000002,-0.73,1.077,1.3619999999999999,1.686,-0.336,1.4780000000000002,0.564
2020-01-26,-0.063,-0.748,0.958,1.276,1.505,-0.434,1.3330000000000002,0.527
2020-02-02,-0.038,-0.7120000000000001,1.061,1.33,1.5819999999999999,-0.385,1.368,0.57
2020-02-09,-0.028999999999999998,-0.737,1.081,1.364,1.588,-0.401,1.395,0.629
2020-02-16,-0.064,-0.7829999999999999,0.9590000000000001,1.281,1.473,-0.428,1.285,0.574
2020-02-23,-0.153,-0.871,0.848,1.128,1.163,-0.608,1.085,0.442
2020-03-01,-0.138,-0.91,0.675,0.7240000000000001,0.773,-0.713,0.973,0.23199999999999998
2020-03-08,-0.002,-0.4970000000000001,0.9079999999999999,0.847,0.983,-0.5479999999999999,1.2229999999999999,0.409
2020-03-15,0.10400000000000001,-0.325,1.265,0.866,0.885,-0.326,1.4980000000000002,0.5589999999999999
2020-03-22,0.011000000000000001,-0.321,0.9359999999999999,0.736,0.6759999999999999,-0.475,1.12,0.363
2020-03-29,-0.01,-0.336,0.7759999999999999,0.713,0.599,-0.441,1.05,0.31
2020-04-05,0.001,-0.302,0.946,0.76,0.7290000000000001,-0.345,1.0,0.305
2020-04-12,0.016,-0.457,0.878,0.644,0.642,-0.47200000000000003,0.978,0.303
2020-04-19,-0.019,-0.445,0.904,0.5820000000000001,0.605,-0.474,0.855,0.292
2020-04-26,-0.026000000000000002,-0.535,0.8759999999999999,0.525,0.618,-0.589,0.64,0.248
2020-05-03,0.005,-0.526,0.904,0.583,0.685,-0.5379999999999999,0.595,0.23600000000000002
2020-05-10,-0.002,-0.525,0.9159999999999999,0.542,0.644,-0.528,0.665,0.23
2020-05-17,-0.004,-0.5,0.9009999999999999,0.507,0.657,-0.488,0.648,0.174
2020-05-24,0.006999999999999999,-0.46399999999999997,0.892,0.54,0.653,-0.44799999999999995,0.85,0.184
2020-05-31,0.047,-0.292,1.075,0.727,0.893,-0.27699999999999997,1.01,0.355
2020-06-07,0.011000000000000001,-0.439,0.904,0.534,0.71,-0.43799999999999994,0.835,0.20800000000000002
2020-06-14,0.012,-0.39899999999999997,0.872,0.535,0.6940000000000001,-0.415,0.92,0.23199999999999998
2020-06-21,0.011000000000000001,-0.431,0.885,0.508,0.64,-0.48100000000000004,0.968,0.17300000000000001
2020-06-28,0.026000000000000002,-0.384,0.914,0.557,0.669,-0.4320000000000001,0.985,0.19
2020-07-05,0.015,-0.478,0.8759999999999999,0.5489999999999999,0.643,-0.46799999999999997,1.003,0.156
2020-07-12,0.013999999999999999,-0.41200000000000003,0.882,0.532,0.623,-0.455,0.9229999999999999,0.16699999999999998
2020-07-19,0.016,-0.474,0.867,0.507,0.5870000000000001,-0.445,0.85,0.145
2020-07-26,0.016,-0.542,0.836,0.46799999999999997,0.5329999999999999,-0.531,0.773,0.105
2020-08-02,0.011000000000000001,-0.514,0.8290000000000001,0.479,0.5660000000000001,-0.505,0.7979999999999999,0.14
2020-08-09,0.046,-0.449,0.932,0.613,0.7090000000000001,-0.419,0.693,0.243
2020-08-16,0.031,-0.502,0.892,0.5379999999999999,0.636,-0.508,0.645,0.207
2020-08-23,0.055999999999999994,-0.418,1.0190000000000001,0.633,0.7240000000000001,-0.40700000000000003,0.66,0.313
2020-08-30,0.036000000000000004,-0.467,0.893,0.597,0.721,-0.478,0.62,0.266
2020-09-06,0.025,-0.449,0.912,0.5489999999999999,0.669,-0.483,0.633,0.185
2020-09-13,0.013000000000000001,-0.479,0.935,0.581,0.6970000000000001,-0.483,0.57,0.18600000000000005
2020-09-20,0.01,-0.5,0.866,0.5429999999999999,0.6559999999999999,-0.525,0.49,0.19
2020-09-27,0.019,-0.4970000000000001,0.8490000000000001,0.568,0.7040000000000001,-0.534,0.53,0.247
2020-10-04,0.031,-0.478,0.855,0.629,0.779,-0.532,0.573,0.284
2020-10-11,0.02,-0.518,0.745,0.5770000000000001,0.7490000000000001,-0.623,0.565,0.183
2020-10-18,0.039,-0.507,0.8590000000000001,0.643,0.841,-0.5720000000000001,0.63,0.281
2020-10-25,0.040999999999999995,-0.5429999999999999,0.826,0.667,0.8740000000000001,-0.625,0.563,0.263
2020-11-01,0.02,-0.513,0.767,0.649,0.82,-0.617,0.598,0.27699999999999997
2020-11-08,0.025,-0.484,0.892,0.728,0.898,-0.5479999999999999,0.853,0.34
2020-11-15,0.01,-0.447,0.8640000000000001,0.653,0.8240000000000001,-0.583,0.835,0.305
2020-11-22,0.03,-0.447,0.907,0.6829999999999999,0.8420000000000001,-0.585,0.915,0.285
2020-11-29,0.021,-0.442,1.001,0.7979999999999999,0.973,-0.5429999999999999,0.9329999999999999,0.353
2020-12-06,0.013999999999999999,-0.508,0.991,0.716,0.8959999999999999,-0.638,0.9079999999999999,0.172
2020-12-13,0.01,-0.496,0.995,0.754,0.945,-0.5720000000000001,0.988,0.25
2020-12-20,0.02,-0.46799999999999997,0.995,0.72,0.9259999999999999,-0.5489999999999999,0.978,0.257
2020-12-27,0.021,-0.486,0.978,0.675,0.9159999999999999,-0.575,1.018,0.196
2021-01-03,0.036000000000000004,-0.466,1.091,0.815,1.119,-0.517,1.09,0.28800000000000003
2021-01-10,0.031,-0.47,1.056,0.805,1.087,-0.542,1.065,0.287
2021-01-17,0.040999999999999995,-0.44,1.084,0.846,1.0859999999999999,-0.513,1.1079999999999999,0.303
2021-01-24,0.051,-0.44299999999999995,1.092,0.889,1.071,-0.52,1.155,0.32899999999999996
2021-01-31,0.063,-0.354,1.2009999999999998,0.9990000000000001,1.169,-0.44299999999999995,1.4,0.48700000000000004
2021-02-07,0.065,-0.331,1.219,1.034,1.21,-0.43,1.33,0.52
2021-02-14,0.1,-0.23600000000000002,1.4040000000000001,1.213,1.34,-0.313,1.535,0.7
2021-02-21,0.165,-0.19699999999999998,1.757,1.357,1.4069999999999998,-0.257,1.923,0.823
2021-02-28,0.09,-0.201,1.8319999999999999,1.5019999999999998,1.577,-0.304,1.955,0.752
2021-03-07,0.114,-0.244,1.706,1.591,1.625,-0.295,1.755,0.825
2021-03-14,0.11599999999999999,-0.25,1.8259999999999998,1.588,1.73,-0.294,1.848,0.8440000000000001
2021-03-21,0.081,-0.306,1.662,1.501,1.6740000000000002,-0.349,1.663,0.757
2021-03-28,0.11699999999999999,-0.305,1.796,1.5130000000000001,1.714,-0.325,1.845,0.7979999999999999
2021-04-04,0.105,-0.262,1.683,1.5,1.662,-0.297,1.735,0.777
2021-04-11,0.08800000000000001,-0.225,1.675,1.541,1.59,-0.262,1.6580000000000001,0.7659999999999999
2021-04-18,0.069,-0.259,1.6880000000000002,1.517,1.5590000000000002,-0.257,1.625,0.745
2021-04-25,0.08900000000000001,-0.196,1.6969999999999998,1.546,1.626,-0.2,1.6780000000000002,0.843
2021-05-02,0.084,-0.21,1.635,1.5,1.579,-0.21899999999999997,1.76,0.7759999999999999
2021-05-09,0.08,-0.13,1.739,1.5630000000000002,1.635,-0.12300000000000001,1.925,0.858
2021-05-16,0.08,-0.13,1.6769999999999998,1.5430000000000001,1.6230000000000002,-0.127,1.855,0.8320000000000001
2021-05-23,0.079,-0.132,1.6440000000000001,1.505,1.581,-0.184,1.88,0.7959999999999999
2021-05-30,0.085,-0.128,1.643,1.456,1.557,-0.212,1.873,0.7929999999999999
2021-06-06,0.07,-0.145,1.5330000000000001,1.45,1.53,-0.222,1.8130000000000002,0.7705
