Date,Brent Oil,Crude Oil WTI,London Gas Oil,Natural Gas,Heating Oil,Carbon Emissions,Gasoline RBOB
2010-01-03,81.37,82.75,656.25,5.749,2.2003,12.52,2.1553
2010-01-10,77.11,78.0,630.0,5.691,2.046,12.99,2.0454
2010-01-17,72.83,74.54,597.5,5.819,1.9416,13.35,1.9657
2010-01-24,71.46,72.89,586.5,5.131,1.9029,12.84,1.9031
2010-01-31,69.59,71.19,575.25,5.515,1.8748,,1.8864
2010-02-07,72.9,74.13,583.75,5.468,1.9189,13.27,1.9295
2010-02-14,78.19,79.81,631.0,5.044,2.0699,12.92,2.0857
2010-02-21,77.59,79.66,628.75,4.813,2.0249,12.5,2.0788
2010-02-28,79.89,81.5,651.5,4.593,2.0974,13.0,2.271
2010-03-07,79.39,81.24,665.75,4.4,2.094,13.28,2.255
2010-03-14,79.88,80.68,658.75,4.169,2.0767,12.9,2.2556
2010-03-21,79.29,80.0,660.25,3.872,2.0697,13.16,2.2074
2010-03-28,84.01,84.87,704.0,4.086,2.2167,12.91,2.3237
2010-04-04,84.83,84.92,709.5,4.07,2.226,13.1,2.2893
2010-04-11,85.99,83.24,705.5,4.039,2.2169,13.67,2.2769999999999997
2010-04-18,87.25,85.12,718.5,4.257,2.2505,14.41,2.3531
2010-04-25,87.44,86.15,731.75,3.92,2.2885,14.98,2.3963
2010-05-02,78.27,75.11,657.75,4.015,2.0795,15.95,2.1251
2010-05-09,77.18,71.61,662.25,4.312,2.0606,15.55,2.1308
2010-05-16,71.68,70.04,610.25,4.035,1.8967,15.62,1.9612
2010-05-23,74.02,73.97,636.0,4.341,1.9802,14.84,2.0198
2010-05-30,72.09,71.51,626.5,4.797,1.9577,15.14,1.9953
2010-06-06,74.35,73.78,639.75,4.781000000000001,2.0053,15.34,2.0497
2010-06-13,78.22,77.18,681.0,4.997,2.1289,15.62,2.1476
2010-06-20,78.12,78.86,665.25,4.861000000000001,2.1122,15.8,2.1678
2010-06-27,71.65,72.14,613.75,4.687,1.9155,15.35,1.9777
2010-07-04,75.42,76.09,644.25,4.402,2.0257,14.65,2.07
2010-07-11,75.37,76.01,638.5,4.519,2.0113,14.27,2.0486
2010-07-18,77.45,78.98,651.5,4.58,2.0505,13.99,2.1222
2010-07-25,78.18,78.95,648.25,4.923,2.0427,14.13,2.1066
2010-08-01,80.16,80.7,678.75,4.467,2.1472,,2.1127
2010-08-08,75.11,75.39,636.75,4.328,1.9956,14.48,1.9396
2010-08-15,74.26,73.46,630.25,4.117,1.9709999999999999,15.07,1.9251
2010-08-22,76.65,75.17,643.5,3.6510000000000002,2.0443,15.31,1.9479
2010-08-29,76.67,74.6,639.0,3.9389999999999996,2.0573,15.75,1.9195
2010-09-05,78.16,76.45,662.75,3.883,2.1044,15.3,1.9731
2010-09-12,78.21,73.66,663.5,4.024,2.0992,,1.9192
2010-09-19,78.87,76.49,682.75,3.8810000000000002,2.1306,15.23,1.9471
2010-09-26,83.75,81.58,719.75,3.7969999999999997,2.2938,15.36,2.0861
2010-10-03,84.03,82.66,721.75,3.6510000000000002,2.2819,15.57,2.1512
2010-10-10,82.45,81.25,711.75,3.535,2.2308,15.45,2.1038
2010-10-17,82.96,81.69,700.0,3.332,2.2516,19.75,2.0638
2010-10-24,83.15,81.43,700.75,4.038,2.2201,19.15,2.1045
2010-10-31,88.11,86.85,735.25,3.937,2.3848,18.97,2.18
2010-11-07,86.34,84.88,742.25,3.799,2.3632,19.29,2.2099
2010-11-14,84.34,81.51,705.5,4.164,2.2744,19.37,2.1959999999999997
2010-11-21,85.58,83.76,722.0,4.399,2.3162,19.48,2.2103
2010-11-28,91.42,89.19,761.75,4.349,2.4874,19.09,2.3521
2010-12-05,90.48,87.79,757.75,4.417,2.4575,18.96,2.3093
2010-12-12,91.67,88.02,766.5,4.066,2.4737,18.27,2.3178
2010-12-19,93.77,91.51,779.0,4.083,2.5408,18.17,2.4426
2010-12-26,94.75,91.38,762.5,4.405,2.5437,18.16,2.4532
2011-01-02,93.33,88.03,769.0,4.422,2.4863,18.68,2.4131
2011-01-09,98.68,91.54,811.0,4.48,2.6452,18.52,2.4946
2011-01-16,97.6,89.11,814.0,4.736000000000001,2.6508,18.51,2.4589
2011-01-23,99.42,89.34,824.25,4.323,2.6902,18.81,2.4568
2011-01-30,99.83,89.03,843.25,4.31,2.7167,18.85,2.4353
2011-02-06,101.43,85.58,850.25,3.91,2.6958,18.97,2.4652
2011-02-13,102.52,86.2,860.75,3.8760000000000003,2.7129,19.08,2.5513
2011-02-20,112.14,97.88,921.25,4.005,2.9309,19.71,2.7395
2011-02-27,115.97,104.42,966.25,3.8089999999999997,3.0893,20.42,3.0464
2011-03-06,113.84,101.16,958.75,3.889,3.029,20.2,2.9877
2011-03-13,113.93,101.07,972.25,4.168,3.0243,21.77,2.9494
2011-03-20,115.59,105.4,979.75,4.4030000000000005,3.0548,21.54,3.0445
2011-03-27,118.7,107.94,1000.5,4.362,3.1345,22.33,3.1513
2011-04-03,126.65,112.79,1053.0,4.041,3.3197,22.44,3.2607
2011-04-10,123.45,109.66,1024.5,4.204,3.2242,22.48,3.2892
2011-04-17,123.99,112.29,1014.0,4.412,3.1992,22.45,3.3086
2011-04-24,125.89,113.93,1033.5,4.698,3.2558,22.9,3.4648
2011-05-01,109.13,97.18,928.5,4.235,2.8457,22.6,3.0901
2011-05-08,113.83,99.65,917.25,4.246,2.9422,22.09,3.0744
2011-05-15,112.39,99.49,909.25,4.23,2.9183,21.45,2.9358
2011-05-22,115.03,100.59,939.75,4.518,2.9905,22.11,3.092
2011-05-29,115.84,100.22,950.75,4.707,3.0567,22.08,2.9931
2011-06-05,118.78,99.29,977.0,4.757,3.1051,21.94,3.0177
2011-06-12,113.21,93.01,940.25,4.325,2.9833,20.7,2.946
2011-06-19,105.12,91.16,874.5,4.229,2.7503,16.6,2.7766
2011-06-26,111.77,94.94,909.75,4.311,2.9245,18.17,2.9726
2011-07-03,118.33,96.2,962.75,4.205,3.0964,17.02,3.0926
2011-07-10,117.26,97.24,977.25,4.546,3.1180000000000003,16.88,3.1293
2011-07-17,118.67,99.87,982.75,4.399,3.128,17.31,3.1301
2011-07-24,116.74,95.7,971.0,4.145,3.0962,16.25,3.1129
2011-07-31,109.37,86.88,912.5,3.9410000000000003,2.9417,14.29,2.8052
2011-08-07,108.03,85.38,917.0,4.06,2.9037,16.34,2.8222
2011-08-14,108.62,82.26,918.0,3.94,2.9045,16.6,2.8412
2011-08-21,111.36,85.37,949.5,3.931,3.0101,17.46,2.9346
2011-08-28,112.33,86.45,951.75,3.872,2.9974,16.77,2.8396
2011-09-04,112.77,87.24,939.5,3.915,2.9858,15.85,2.7710000000000004
2011-09-11,112.22,87.96,950.5,3.8089999999999997,3.0089,16.18,2.7841
2011-09-18,103.97,79.85,899.0,3.701,2.7958,15.16,2.5547
2011-09-25,102.76,79.2,883.5,3.6660000000000004,2.7948,14.42,2.6260000000000003
2011-10-02,105.88,82.98,896.25,3.4810000000000003,2.8588,14.24,2.6476
2011-10-09,114.68,86.8,952.0,3.7030000000000003,3.0558,14.22,2.8247
2011-10-16,109.56,87.4,955.5,3.6289999999999996,3.0175,14.11,2.6846
2011-10-23,109.91,93.32,962.25,3.923,3.0592,14.06,2.6822
2011-10-30,111.97,94.26,969.5,3.783,3.0707,12.5,2.6634
2011-11-06,114.16,98.99,999.25,3.5839999999999996,3.1716,13.44,2.6038
2011-11-13,107.56,97.41,973.0,3.3160000000000003,3.0325,12.59,2.4784
2011-11-20,106.4,96.77,938.75,3.542,2.9273,10.67,2.4489
2011-11-27,109.94,100.96,951.25,3.5839999999999996,2.99,10.85,2.6162
2011-12-04,108.62,99.41,932.0,3.3169999999999997,2.9125,10.78,2.5961
2011-12-11,103.35,93.53,894.25,3.127,2.8005,9.58,2.487
2011-12-18,107.96,99.68,914.5,3.114,2.8907,10.84,2.6872
2011-12-25,107.38,98.83,924.0,2.989,2.935,9.92,2.6863
2012-01-01,113.06,101.56,960.75,3.062,3.0702,9.07,2.7516
2012-01-08,110.44,98.7,952.5,2.67,3.0272,9.3,2.7342
2012-01-15,109.86,98.46,933.0,2.343,2.9884,9.57,2.7844
2012-01-22,111.46,99.56,953.75,2.678,3.0704,11.11,2.9268
2012-01-29,114.58,97.84,959.5,2.499,3.1144,11.5,2.9144
2012-02-05,117.31,98.67,997.75,2.477,3.1821,10.89,2.9749
2012-02-12,119.58,103.24,1002.5,2.6839999999999997,3.1889,12.61,3.0156
2012-02-19,125.47,109.77,1030.75,2.55,3.3159,12.91,3.1528
2012-02-26,123.65,106.7,1010.5,2.484,3.2018,12.44,3.2721
2012-03-04,125.98,107.4,1033.75,2.324,3.2638,11.1,3.3324
2012-03-11,125.81,107.06,1035.75,2.326,3.2819,10.59,3.3569
2012-03-18,125.13,106.87,1029.0,2.275,3.2101,9.37,3.3852
2012-03-25,122.88,103.02,1014.25,2.126,3.1684,9.34,3.3899
2012-04-01,123.43,103.31,1007.0,2.089,3.1692,8.98,3.3405
2012-04-08,121.83,102.83,1008.5,1.9809999999999999,3.1746,9.56,3.3461
2012-04-15,118.76,103.05,1002.25,1.9269999999999998,3.1376,9.67,3.1427
2012-04-22,119.83,104.93,1008.5,2.186,3.1807,9.58,3.2062
2012-04-29,113.18,98.49,956.75,2.279,3.0088,8.44,2.9758
2012-05-06,112.26,96.13,950.75,2.509,2.9636,8.6,3.0008
2012-05-13,107.14,91.48,907.75,2.742,2.83,8.17,2.8895
2012-05-20,106.83,90.86,908.25,2.568,2.8288,8.83,2.8929
2012-05-27,98.43,83.23,847.75,2.326,2.6279,8.22,2.6568
2012-06-03,99.47,84.1,845.5,2.299,2.6721,8.45,2.6852
2012-06-10,97.61,84.03,851.5,2.467,2.6465,9.13,2.7017
2012-06-17,90.98,79.76,812.0,2.625,2.5337,10.18,2.5699
2012-06-24,97.8,84.96,848.5,2.824,2.696,10.38,2.7272
2012-07-01,98.19,84.45,868.75,2.7760000000000002,2.7099,10.06,2.716
2012-07-08,102.4,87.1,879.75,2.8739999999999997,2.7882,9.52,2.8161
2012-07-15,106.83,91.44,919.5,3.0810000000000004,2.9243,8.93,2.943
2012-07-22,106.47,90.13,910.75,3.01,2.8895,8.69,2.8878
2012-07-29,108.94,91.4,923.0,2.877,2.9261,8.87,2.931
2012-08-05,112.95,92.87,959.5,2.77,3.0205,8.97,3.0039
2012-08-12,113.71,96.01,979.75,2.719,3.0926,9.6,3.0275
2012-08-19,113.59,96.15,989.5,2.702,3.1101,10.17,3.0780000000000003
2012-08-26,114.57,96.47,995.0,2.799,3.1696,10.04,3.1056
2012-09-02,114.25,96.42,985.5,2.682,3.1489,10.34,3.0196
2012-09-09,116.66,99.0,1013.5,2.943,3.2395,9.35,3.0156
2012-09-16,111.42,92.89,974.75,2.885,3.1207,9.29,2.9425
2012-09-23,112.39,92.19,980.75,3.32,3.1694,9.71,3.342
2012-09-30,112.02,89.88,989.5,3.3960000000000004,3.1559,9.44,2.9525
2012-10-07,114.62,91.86,1001.0,3.611,3.2239,9.41,2.8928
2012-10-14,110.14,90.05,996.5,3.617,3.1345,9.54,2.6963
2012-10-21,109.55,86.28,968.5,3.4,3.0978,9.46,2.6991
2012-10-28,105.68,84.86,925.0,3.554,2.9474,9.7,2.5736
2012-11-04,109.4,86.07,930.5,3.503,3.0055,9.97,2.6992
2012-11-11,108.95,86.67,920.5,3.79,2.9868,8.43,2.7101
2012-11-18,111.38,88.28,951.75,3.9010000000000002,3.0771,8.53,2.7439
2012-11-25,111.23,88.91,950.25,3.5610000000000004,3.0413,7.65,2.7614
2012-12-02,107.02,85.93,905.75,3.551,2.9153,8.2,2.5974
2012-12-09,109.15,86.73,922.75,3.3139999999999996,2.9807,7.95,2.6621
2012-12-16,108.97,88.66,932.5,3.451,3.0224,8.28,2.7347
2012-12-23,110.62,90.8,933.0,3.469,3.0448,7.73,2.7999
2012-12-30,111.31,93.09,928.5,3.287,3.0177,8.31,2.7643
2013-01-06,110.64,93.56,939.75,3.327,3.0085,7.85,2.7395
2013-01-13,111.89,95.56,955.75,3.5660000000000003,3.0525,6.8,2.7968
2013-01-20,113.28,95.88,968.5,3.444,3.0568,5.51,2.8754
2013-01-27,116.76,97.77,1005.75,3.301,3.1606,5.65,3.0536
2013-02-03,118.9,95.72,1030.75,3.272,3.2384,5.94,3.0588
2013-02-10,117.66,95.86,1003.0,3.153,3.2104,6.64,3.1345
2013-02-17,114.1,93.13,977.75,3.2910000000000004,3.1042,6.62,3.0796
2013-02-24,110.4,90.68,920.5,3.4560000000000004,2.9301,6.05,3.1286
2013-03-03,110.85,91.95,924.5,3.6289999999999996,2.9749,5.55,3.2035
2013-03-10,109.82,93.45,918.0,3.872,2.9389999999999996,4.98,3.1638
2013-03-17,107.66,93.71,898.5,3.927,2.8843,5.34,3.0625
2013-03-24,110.02,97.23,915.5,4.024,2.9152,6.09,3.1054
2013-03-31,104.12,92.7,880.0,4.125,2.9098,6.55,2.8636
2013-04-07,103.11,91.29,856.0,4.2219999999999995,2.8718,5.91,2.8018
2013-04-14,99.65,88.01,832.5,4.408,2.7876,4.01,2.7724
2013-04-21,103.16,93.0,858.75,4.152,2.9012,3.92,2.8349
2013-04-28,104.19,95.61,858.0,4.041,2.8844,4.56,2.8254
2013-05-05,103.91,96.04,867.5,3.91,2.9062,4.15,2.8603
2013-05-12,104.64,96.02,876.0,4.055,2.937,4.33,2.9069
2013-05-19,102.64,94.15,854.25,4.237,2.8569,4.41,2.839
2013-05-26,100.39,91.97,844.75,3.984,2.7923,4.95,2.7792
2013-06-02,104.56,96.03,875.25,3.8280000000000003,2.8931,5.28,2.8715
2013-06-09,105.93,97.85,897.25,3.733,2.9622,5.98,2.8967
2013-06-16,100.91,93.69,858.5,3.7710000000000004,2.8441,5.44,2.7617
2013-06-23,102.16,96.56,883.25,3.565,2.8798,5.24,2.752
2013-06-30,107.72,103.22,911.75,3.617,2.9897,5.26,2.8968
2013-07-07,108.81,105.95,916.25,3.6439999999999997,3.0294,4.96,3.1175
2013-07-14,108.07,108.05,925.75,3.7889999999999997,3.0894,5.1,3.1234
2013-07-21,107.17,104.7,910.5,3.555,3.0101,5.3,3.0444
2013-07-28,108.95,106.94,923.75,3.347,3.0714,5.37,2.9947
2013-08-04,108.22,105.97,903.75,3.23,2.9935,5.43,2.9082
2013-08-11,110.4,107.46,941.25,3.3680000000000003,3.0831,5.32,2.9675
2013-08-18,111.04,106.42,941.75,3.485,3.095,5.39,3.0072
2013-08-25,114.01,107.65,969.5,3.5810000000000004,3.1396,5.52,3.0183
2013-09-01,116.12,110.53,971.0,3.53,3.1637,6.36,2.8537
2013-09-08,112.78,108.21,949.75,3.677,3.1137,6.54,2.7696
2013-09-15,109.22,104.68,925.25,3.687,3.0042,6.53,2.6842
2013-09-22,108.63,102.87,927.25,3.589,2.9901,6.6,2.6762
2013-09-29,109.46,103.84,922.5,3.5060000000000002,2.9989999999999997,6.3,2.6076
2013-10-06,111.28,102.02,933.5,3.7760000000000002,3.0349,5.71,2.6681
2013-10-13,109.94,100.81,939.25,3.764,3.0354,6.29,2.6732
2013-10-20,106.93,97.85,909.75,3.707,2.9097,6.18,2.5871
2013-10-27,105.91,94.61,915.0,3.513,2.8822,5.71,2.5454
2013-11-03,105.12,94.6,893.0,3.5589999999999997,2.8719,5.6,2.5534
2013-11-10,108.5,93.84,911.25,3.66,2.9389,5.6,2.6577
2013-11-17,111.05,94.84,937.75,3.7680000000000002,3.0413,5.49,2.7261
2013-11-24,109.69,92.72,943.0,3.9539999999999997,3.0478,5.38,2.6841
2013-12-01,111.61,97.65,940.75,4.114,3.0565,5.92,2.7269
2013-12-08,108.83,96.6,917.75,4.351,2.9757,5.97,2.6293
2013-12-15,111.77,99.32,945.25,4.418,3.0781,5.81,2.7831
2013-12-22,112.18,100.32,955.75,4.407,3.1241,5.96,2.8161
2013-12-29,106.89,93.96,910.25,4.303999999999999,2.9394,5.69,2.6488
2014-01-05,107.25,92.72,907.25,4.053,2.9407,5.44,2.6691
2014-01-12,106.48,94.37,916.25,4.3260000000000005,3.0237,6.14,2.6204
2014-01-19,107.88,96.64,921.75,5.182,3.1374,6.39,2.6632
2014-01-26,106.4,97.49,917.0,4.9430000000000005,3.2794,6.73,2.6272
2014-02-02,109.57,99.88,919.0,4.775,3.0503,7.92,2.7489
2014-02-09,109.08,100.3,920.25,5.2139999999999995,3.0782,8.07,2.8053
2014-02-16,109.85,102.2,929.75,6.135,3.0992,8.77,2.8333
2014-02-23,109.07,102.59,920.75,4.609,3.0893,8.74,2.7898
2014-03-02,109.0,102.58,914.5,4.618,3.0121,8.49,2.9738
2014-03-09,108.57,98.89,901.75,4.425,2.9431,7.73,2.9597
2014-03-16,106.92,99.46,900.5,4.313,2.9201,7.59,2.9079
2014-03-23,108.07,101.67,902.75,4.485,2.9579,5.34,2.9375
2014-03-30,106.72,101.14,893.5,4.439,2.9079,5.61,2.9313
2014-04-06,107.33,103.74,904.0,4.62,2.9332,6.29,3.0144
2014-04-13,109.53,104.3,927.75,4.7410000000000005,3.0082,6.58,3.0547
2014-04-20,109.58,100.6,919.75,4.647,2.9866,6.07,3.0751
2014-04-27,108.59,99.76,909.5,4.6739999999999995,2.9223,6.2,2.9445
2014-05-04,107.89,99.99,906.5,4.531000000000001,2.9068,6.25,2.8960000000000004
2014-05-11,109.75,102.02,916.25,4.413,2.9536,5.71,2.9735
2014-05-18,110.54,104.35,912.75,4.405,2.9549,6.08,3.0235
2014-05-25,109.41,102.71,892.5,4.542,2.8846,5.99,2.9965
2014-06-01,108.61,102.66,884.0,4.71,2.8712,6.4,2.9389999999999996
2014-06-08,113.41,106.91,920.75,4.739,2.9876,6.65,3.0577
2014-06-15,114.81,107.26,935.25,4.531000000000001,3.0512,6.62,3.1277
2014-06-22,113.3,105.74,920.75,4.409,2.9976,6.74,3.0988
2014-06-29,110.64,104.06,897.75,4.406000000000001,2.9284,6.51,3.0198
2014-07-06,106.66,100.83,884.25,4.146,2.8609,6.58,2.9085
2014-07-13,107.24,103.13,884.0,3.951,2.8452,6.84,2.8603
2014-07-20,108.39,102.09,892.0,3.781,2.9157,6.98,2.8653
2014-07-27,104.84,97.88,883.5,3.798,2.8661,7.09,2.7443
2014-08-03,105.02,97.65,879.75,3.9619999999999997,2.8769,6.75,2.7537
2014-08-10,103.53,97.35,866.75,3.7760000000000002,2.8480000000000003,7.21,2.6986
2014-08-17,102.29,93.65,860.25,3.84,2.8279,7.17,2.7384
2014-08-24,103.19,95.96,864.75,4.065,2.8569,7.2,2.7827
2014-08-31,100.82,93.29,851.75,3.793,2.8192,7.03,2.5834
2014-09-07,97.11,92.27,832.25,3.8569999999999998,2.7405,6.76,2.5188
2014-09-14,98.39,92.41,823.25,3.8369999999999997,2.7166,6.69,2.6114
2014-09-21,97.0,93.54,812.75,3.984,2.7005,6.56,2.6619
2014-09-28,92.31,89.74,778.25,4.039,2.6163,6.25,2.3785
2014-10-05,90.21,85.82,766.25,3.859,2.5602,6.64,2.2575
2014-10-12,86.16,82.75,735.0,3.766,2.4976,6.72,2.2327
2014-10-19,86.13,81.01,735.5,3.623,2.4819,7.03,2.1817
2014-10-26,85.86,80.54,741.75,3.873,2.5145,6.97,2.1695
2014-11-02,83.39,78.65,740.75,4.412,2.4995,7.39,2.1352
2014-11-09,79.41,75.82,698.0,4.02,2.4161,7.23,2.0425
2014-11-16,80.36,76.51,704.25,4.266,2.4045,7.63,2.0565
2014-11-23,70.15,66.15,656.75,4.088,2.2308,7.66,1.9039
2014-11-30,69.07,65.84,618.5,3.802,2.1078,7.25,1.7734
2014-12-07,61.85,57.81,566.0,3.795,2.016,7.23,1.5973
2014-12-14,61.38,56.52,548.75,3.464,1.9622,7.67,1.5595
2014-12-21,59.45,54.73,539.0,3.0069999999999997,1.9079,7.98,1.5087
2014-12-28,56.42,52.69,519.25,3.003,1.7957,7.6,1.4334
2015-01-04,50.11,48.36,469.0,2.946,1.703,7.26,1.3232
2015-01-11,50.17,48.69,472.25,3.127,1.6656,7.69,1.3588
2015-01-18,48.79,45.59,477.0,2.986,1.6467,7.33,1.3479
2015-01-25,52.99,48.24,478.25,2.6910000000000003,1.6863,7.6,1.4152
2015-02-01,57.8,51.69,554.5,2.5789999999999997,1.8391,7.46,1.5591
2015-02-08,61.52,52.78,583.5,2.804,1.9714,8.16,1.6262
2015-02-15,60.22,50.34,581.5,2.951,2.1118,7.81,1.6407
2015-02-22,62.58,49.76,593.75,2.734,2.2989,7.56,1.7676
2015-03-01,59.73,49.61,582.25,2.839,1.869,7.23,1.8819
2015-03-08,54.67,44.84,523.75,2.727,1.713,6.87,1.7623
2015-03-15,55.32,45.72,525.75,2.786,1.7343,7.45,1.7978
2015-03-22,56.41,48.87,541.0,2.59,1.7275,7.16,1.798
2015-03-29,54.95,49.14,514.0,2.713,1.7643,7.55,1.7613
2015-04-05,57.87,51.64,528.25,2.511,1.7661,7.33,1.8073
2015-04-12,63.45,55.74,577.75,2.634,1.8824,7.24,1.9299
2015-04-19,65.28,57.15,587.25,2.531,1.9283,7.7,2.0079
2015-04-26,66.46,59.15,599.75,2.7760000000000002,1.9822,7.89,2.0453
2015-05-03,65.39,59.39,595.75,2.88,1.9537,7.95,1.9918
2015-05-10,66.81,59.69,611.0,3.016,2.0048,7.98,2.0568
2015-05-17,65.37,59.72,599.5,2.887,1.9525,7.69,2.0539
2015-05-24,65.56,60.3,593.0,2.642,1.9553,7.71,2.0858
2015-05-31,63.31,59.13,566.75,2.59,1.8696,7.78,2.03
2015-06-07,63.87,59.96,585.25,2.75,1.8892,7.96,2.1211
2015-06-14,63.02,59.61,571.0,2.8160000000000003,1.8669,7.77,2.0586
2015-06-21,63.26,59.63,574.0,2.773,1.8628,7.87,2.0485
2015-06-28,60.32,56.93,555.0,2.822,1.8399,7.77,2.0343
2015-07-05,58.73,52.74,536.75,2.77,1.7399,7.93,2.0165
2015-07-12,57.1,50.89,511.75,2.87,1.6641,8.07,1.9286
2015-07-19,54.62,48.14,500.5,2.7760000000000002,1.6302,8.36,1.8282
2015-07-26,52.21,47.12,488.75,2.716,1.584,8.2,1.841
2015-08-02,48.61,43.87,467.5,2.798,1.5436,8.11,1.6230000000000002
2015-08-09,49.03,42.5,474.5,2.801,1.5579,8.65,1.6869
2015-08-16,45.46,40.45,442.75,2.676,1.4624,8.53,1.5449
2015-08-23,50.05,45.22,477.5,2.715,1.5764,8.44,1.5218
2015-08-30,49.61,46.05,485.0,2.655,1.5959999999999999,8.42,1.4182
2015-09-06,48.14,44.63,472.75,2.693,1.55,8.59,1.3699
2015-09-13,47.47,44.68,463.25,2.605,1.4907,8.44,1.3562
2015-09-20,48.6,45.7,467.0,2.5639999999999996,1.5225,8.31,1.3959
2015-09-27,48.13,45.54,452.25,2.451,1.5199,8.44,1.3414
2015-10-04,52.65,49.63,481.75,2.502,1.5909,8.65,1.4167
2015-10-11,50.46,47.26,456.25,2.43,1.4966,8.69,1.328
2015-10-18,47.99,44.6,443.75,2.286,1.4544,8.93,1.3036
2015-10-25,49.56,46.59,455.25,2.3209999999999997,1.4994,8.95,1.405
2015-11-01,47.42,44.29,449.25,2.371,1.4896,8.71,1.3695
2015-11-08,43.61,40.74,426.25,2.3609999999999998,1.3813,8.7,1.2389
2015-11-15,44.66,40.39,424.75,2.145,1.3713,8.82,1.2903
2015-11-22,44.86,41.71,418.25,2.2119999999999997,1.3524,8.88,1.3905
2015-11-29,43.0,39.97,395.75,2.186,1.3424,8.84,1.2702
2015-12-06,37.93,35.62,343.25,1.99,1.1456,8.38,1.2815
2015-12-13,36.88,34.73,343.5,1.767,1.1071,8.37,1.2746
2015-12-20,37.89,38.1,339.75,2.029,1.1009,8.49,1.2643
2015-12-27,37.28,37.04,326.25,2.3369999999999997,1.1007,8.53,1.2671
2016-01-03,33.55,33.16,296.75,2.472,1.0521,7.68,1.1277
2016-01-10,28.94,29.42,278.75,2.1,0.9343,6.95,1.0212
2016-01-17,32.18,32.19,284.0,2.1390000000000002,0.9957,6.57,1.0838
2016-01-24,34.74,33.62,304.0,2.298,1.0551,6.26,1.1031
2016-01-31,34.06,30.89,305.5,2.063,1.0590000000000002,5.72,0.9927
2016-02-07,33.36,29.44,311.75,1.966,1.0693,5.2,1.0432
2016-02-14,33.01,29.64,307.75,1.804,1.0255,5.3,0.9594
2016-02-21,35.1,32.78,325.25,1.791,1.0512,5.12,1.0166
2016-02-28,38.72,35.92,336.75,1.666,1.1613,5.04,1.3321
2016-03-06,40.39,38.5,367.0,1.8219999999999998,1.218,5.11,1.4443
2016-03-13,41.2,39.44,375.0,1.9069999999999998,1.2391,5.05,1.4273
2016-03-20,40.44,39.46,360.75,1.806,1.1979,4.96,1.4659
2016-03-27,38.67,36.79,335.75,1.956,1.1317,5.29,1.4016
2016-04-03,41.94,39.72,354.75,1.99,1.2004,5.52,1.4637
2016-04-10,43.1,40.36,364.5,1.902,1.2322,5.57,1.4612
2016-04-17,45.11,43.73,395.75,2.14,1.3089,6.07,1.5309
2016-04-24,48.13,45.92,413.0,2.178,1.3779,6.28,1.5848
2016-05-01,45.37,44.66,400.0,2.101,1.3373,5.95,1.4962
2016-05-08,47.83,46.21,418.75,2.096,1.4031,5.95,1.5882
2016-05-15,48.72,47.75,440.75,2.062,1.49,6.06,1.6356
2016-05-22,49.32,49.33,448.5,2.169,1.494,6.14,1.6319
2016-05-29,49.64,48.62,443.0,2.398,1.4881,6.04,1.6075
2016-06-05,50.54,49.07,459.5,2.556,1.516,6.05,1.5596
2016-06-12,49.17,47.98,433.0,2.623,1.4817,5.76,1.5053
2016-06-19,48.41,47.64,435.0,2.662,1.4553,5.04,1.525
2016-06-26,50.35,48.99,434.5,2.987,1.5115,4.71,1.5135
2016-07-03,46.76,45.41,407.25,2.801,1.4123,4.64,1.3708
2016-07-10,47.61,45.95,413.0,2.7560000000000002,1.3974,5.02,1.422
2016-07-17,45.69,44.19,395.25,2.7769999999999997,1.357,4.65,1.3615
2016-07-24,42.46,41.6,371.25,2.8760000000000003,1.276,4.51,1.321
2016-07-31,44.27,41.8,372.5,2.772,1.317,4.8,1.3763
2016-08-07,46.97,44.49,409.5,2.5860000000000003,1.4086,4.98,1.3709
2016-08-14,50.88,48.52,441.5,2.5839999999999996,1.5196,4.85,1.5129
2016-08-21,49.92,47.64,437.75,2.8710000000000004,1.4972,4.77,1.5128
2016-08-28,46.83,44.44,409.5,2.792,1.4096,4.16,1.3016
2016-09-04,48.01,45.88,419.25,2.7969999999999997,1.4304,4.15,1.3611
2016-09-11,45.77,43.03,412.5,2.948,1.4051,4.43,1.4616
2016-09-18,45.89,44.48,425.5,2.955,1.4073,4.61,1.3769
2016-09-25,49.06,48.24,446.75,2.906,1.5279,5.02,1.4874
2016-10-02,51.93,49.81,467.25,3.193,1.5793,5.75,1.4818
2016-10-09,51.95,50.35,461.25,3.285,1.5673,5.87,1.4936
2016-10-16,51.78,50.85,464.5,2.9930000000000003,1.574,5.94,1.5314
2016-10-23,49.71,48.7,461.5,3.105,1.5422,5.93,1.4691
2016-10-30,45.58,44.07,417.75,2.767,1.4303,6.46,1.3786
2016-11-06,44.75,43.41,406.75,2.6189999999999998,1.4012,5.72,1.3053
2016-11-13,46.86,45.69,424.0,2.843,1.4577,5.63,1.3391
2016-11-20,47.24,46.06,432.5,3.085,1.47,5.05,1.3727
2016-11-27,54.46,51.68,475.0,3.4360000000000004,1.6581,4.35,1.5591
2016-12-04,54.33,51.5,473.0,3.7460000000000004,1.6374,4.52,1.5073
2016-12-11,55.21,51.9,490.25,3.415,1.6723,4.99,1.5571
2016-12-18,55.16,53.02,484.25,3.662,1.6628,6.28,1.6262
2016-12-25,56.82,53.72,501.0,3.7239999999999998,1.7043,6.61,1.6651
2017-01-01,57.1,53.99,493.25,3.285,1.7032,5.09,1.6340000000000001
2017-01-08,55.45,52.37,487.5,3.4189999999999996,1.6514,5.08,1.6117
2017-01-15,55.49,52.42,489.5,3.2039999999999997,1.6459,5.46,1.5659999999999998
2017-01-22,55.52,53.17,485.25,3.391,1.6189,4.95,1.5271
2017-01-29,56.81,53.83,497.0,3.063,1.6651,5.2,1.5537
2017-02-05,56.7,53.86,490.75,3.034,1.6659,5.16,1.5896
2017-02-12,55.81,53.4,490.0,2.8339999999999996,1.6364,5.02,1.5166
2017-02-19,55.99,53.99,494.5,2.627,1.6404,5.43,1.5148
2017-02-26,55.9,53.33,484.0,2.827,1.5936,5.64,1.6531
2017-03-05,51.37,48.49,459.5,3.008,1.5036,5.21,1.6001
2017-03-12,51.76,48.78,456.75,2.948,1.5085,5.18,1.5989
2017-03-19,50.8,47.97,449.0,3.076,1.4976,4.81,1.6048
2017-03-26,52.83,50.6,469.5,3.19,1.5736,4.73,1.7001
2017-04-02,55.24,52.24,487.75,3.261,1.6284,4.93,1.7462
2017-04-09,55.89,53.18,498.0,3.227,1.6495,4.99,1.7349
2017-04-16,51.96,49.62,467.5,3.1010000000000004,1.5533,4.61,1.6445
2017-04-23,51.73,49.33,454.0,3.2760000000000002,1.504,4.61,1.548
2017-04-30,49.1,46.22,433.75,3.266,1.4366,4.62,1.5046
2017-05-07,50.84,47.84,448.75,3.424,1.4933,4.5,1.5761
2017-05-14,53.61,50.33,473.75,3.2560000000000002,1.5827,4.9,1.6523
2017-05-21,52.15,49.8,461.25,3.236,1.5633,5.23,1.6426
2017-05-28,49.95,47.66,438.5,2.9989999999999997,1.4848,5.21,1.5771
2017-06-04,48.15,45.83,427.0,3.0389999999999997,1.4312,5.09,1.5017
2017-06-11,47.37,44.74,423.0,3.037,1.4269999999999998,4.92,1.4548
2017-06-18,45.54,43.01,411.25,2.929,1.3717,4.92,1.4341
2017-06-25,47.92,46.04,436.5,3.035,1.4755,5.08,1.5152
2017-07-02,46.71,44.23,427.75,2.864,1.4482,5.39,1.4984
2017-07-09,48.91,46.54,447.75,2.98,1.515,5.47,1.5605
2017-07-16,48.06,45.77,452.75,2.97,1.5152,5.13,1.5633
2017-07-23,52.52,49.71,485.0,2.9410000000000003,1.6397,5.23,1.6761
2017-07-30,52.42,49.58,488.5,2.7739999999999996,1.6486,5.39,1.6463
2017-08-06,52.1,48.82,482.5,2.983,1.6346,5.43,1.6130000000000002
2017-08-13,52.72,48.51,472.25,2.8930000000000002,1.6204,5.85,1.624
2017-08-20,52.41,47.87,480.0,2.892,1.6223,6.13,1.6666
2017-08-27,52.75,47.29,510.75,3.07,1.7468,5.87,1.7479
2017-09-03,53.78,47.48,527.5,2.89,1.7657,7.09,1.6476
2017-09-10,55.62,49.89,534.75,3.0239999999999996,1.7988,6.97,1.6617
2017-09-17,56.86,50.66,541.5,2.9589999999999996,1.8163,6.68,1.6684
2017-09-24,57.54,51.67,548.25,3.0069999999999997,1.8117,7.1,1.6065
2017-10-01,55.62,49.29,520.0,2.863,1.7439,7.03,1.5588
2017-10-08,57.17,51.45,533.75,3.0,1.797,7.35,1.6222
2017-10-15,57.75,51.47,533.0,2.915,1.8052,7.6,1.6781
2017-10-22,60.44,53.9,548.75,2.752,1.8669,7.2,1.7686
2017-10-29,62.07,55.64,550.25,2.984,1.8866,7.92,1.7934
2017-11-05,63.52,56.74,570.0,3.213,1.9349,7.43,1.8124
2017-11-12,62.72,56.55,562.75,3.097,1.9466,7.51,1.7447
2017-11-19,63.86,58.95,564.75,2.813,1.9529,7.79,1.788
2017-11-26,63.73,58.36,567.75,3.0610000000000004,1.9413,7.71,1.7416
2017-12-03,63.4,57.36,564.75,2.772,1.9288,7.17,1.7166
2017-12-10,63.23,57.3,564.0,2.612,1.9035,7.21,1.6548
2017-12-17,65.25,58.47,575.5,2.667,1.9694,8.19,1.7623
2017-12-24,66.87,60.42,600.25,2.9530000000000003,2.0755,8.18,1.7992
2017-12-31,67.62,61.44,604.0,2.795,2.0587,7.78,1.7858
2018-01-07,69.87,64.3,612.75,3.2,2.085,7.86,1.8495
2018-01-14,68.61,63.37,608.0,3.185,2.0584,8.76,1.8636
2018-01-21,70.52,66.14,628.5,3.505,2.136,9.09,1.9377
2018-01-28,68.58,65.45,609.25,2.846,2.0535,8.96,1.8719999999999999
2018-02-04,62.79,59.2,552.25,2.5839999999999996,1.8551,9.23,1.7002
2018-02-11,64.84,61.68,570.25,2.5580000000000003,1.9104,9.52,1.7509
2018-02-18,67.31,63.55,591.0,2.625,1.9694,9.81,1.8085
2018-02-25,64.37,61.25,563.25,2.695,1.8796,10.14,1.9014
2018-03-04,65.49,62.04,573.75,2.7319999999999998,1.8866,11.12,1.9043
2018-03-11,66.21,62.34,580.5,2.688,1.9118,11.17,1.9459
2018-03-18,70.45,65.88,611.0,2.591,2.0184,12.61,2.0336
2018-03-25,70.27,64.94,619.75,2.733,2.0284,13.28,2.0179
2018-04-01,67.11,62.06,602.75,2.701,1.9578,12.99,1.9547
2018-04-08,72.58,67.39,642.5,2.735,2.1002,13.94,2.0654
2018-04-15,74.06,68.38,641.25,2.739,2.123,13.05,2.0959
2018-04-22,74.64,68.1,655.5,2.7710000000000004,2.1509,13.56,2.1269
2018-04-29,74.87,69.72,651.5,2.7110000000000003,2.154,13.02,2.114
2018-05-06,77.12,70.7,677.5,2.806,2.222,14.63,2.1888
2018-05-13,78.51,71.28,697.0,2.847,2.2655,15.25,2.2333
2018-05-20,76.44,67.88,679.75,2.9389999999999996,2.2098,16.0,2.1814
2018-05-27,76.79,65.81,671.25,2.9619999999999997,2.1763,15.29,2.1434
2018-06-03,76.46,65.74,671.5,2.89,2.1643,15.82,2.1153
2018-06-10,73.44,65.06,640.75,3.022,2.0869999999999997,14.53,2.0232
2018-06-17,75.55,68.58,645.5,2.945,2.1254,15.12,2.0705
2018-06-24,79.44,74.15,675.75,2.924,2.2093,14.99,2.1791
2018-07-01,77.11,73.8,664.5,2.858,2.1684,15.7,2.1085
2018-07-08,75.33,71.01,654.25,2.752,2.1334,16.06,2.1067
2018-07-15,73.07,70.46,644.75,2.7569999999999997,2.1044,17.07,2.069
2018-07-22,74.29,68.69,665.75,2.822,2.1552,17.12,2.1619
2018-07-29,73.21,68.49,650.0,2.853,2.1269,17.68,2.0655
2018-08-05,72.81,67.63,647.25,2.944,2.1397,17.89,2.0392
2018-08-12,71.83,65.91,646.75,2.946,2.0982,18.14,1.9809
2018-08-19,75.82,68.72,679.25,2.917,2.2022,20.69,2.0779
2018-08-26,77.42,69.8,690.25,2.9160000000000004,2.2413,21.09,2.1437
2018-09-02,76.83,67.75,675.5,2.7760000000000002,2.2182,23.22,1.97
2018-09-09,78.09,68.99,680.0,2.767,2.2092,19.97,1.9702
2018-09-16,78.8,70.78,688.0,2.977,2.226,22.08,2.0171
2018-09-23,82.72,73.25,724.25,3.008,2.3518,21.16,2.1012
2018-09-30,84.16,74.34,741.25,3.1430000000000002,2.3923,22.11,2.0861
2018-10-07,80.43,71.34,718.0,3.161,2.3213,20.35,1.942
2018-10-14,79.78,69.12,714.75,3.25,2.302,19.7,1.9139
2018-10-21,77.62,67.59,713.5,3.185,2.303,18.28,1.815
2018-10-28,72.83,63.14,678.25,3.284,2.1728,17.08,1.7083
2018-11-04,70.18,60.19,669.5,3.719,2.1728,19.5,1.6214
2018-11-11,66.76,56.46,633.25,4.272,2.0737,19.11,1.577
2018-11-18,58.8,50.42,576.75,4.308,1.8762,20.21,1.3913
2018-11-25,58.71,50.93,550.75,4.612,1.8455,20.5,1.4413
2018-12-02,61.67,52.61,587.25,4.488,1.8862,20.29,1.4858
2018-12-09,60.28,51.2,556.25,3.827,1.8453,23.37,1.4343
2018-12-16,53.82,45.59,515.25,3.8160000000000003,1.7327,24.6,1.3183
2018-12-23,52.2,45.33,493.25,3.303,1.6647,24.64,1.3262
2018-12-30,57.06,47.96,528.5,3.0439999999999996,1.7692,23.5,1.3478
2019-01-06,60.48,51.59,568.5,3.0989999999999998,1.8797,22.59,1.4007
2019-01-13,62.7,53.8,574.25,3.4819999999999998,1.916,24.68,1.4528
2019-01-20,61.64,53.69,568.0,3.178,1.8919,23.76,1.3894
2019-01-27,62.75,55.26,578.25,2.734,1.9127,21.84,1.4369
2019-02-03,62.1,52.72,582.5,2.583,1.9085,22.23,1.4464
2019-02-10,66.25,55.59,615.5,2.625,2.0203,20.3,1.5729
2019-02-17,67.12,57.26,622.0,2.717,2.0311,18.84,1.6112
2019-02-24,65.07,55.8,614.5,2.859,2.001,22.18,1.7303
2019-03-03,65.74,56.07,610.25,2.865,1.9998,22.91,1.8017
2019-03-10,67.16,58.52,606.75,2.795,1.9677,22.36,1.8577
2019-03-17,67.03,59.04,597.25,2.753,1.9659,20.56,1.9259
2019-03-24,68.39,60.14,605.25,2.662,1.9734,21.44,1.8956
2019-03-31,70.34,63.08,618.0,2.6639999999999997,2.0424,24.53,1.9687
2019-04-07,71.55,63.89,633.0,2.66,2.0707,26.5,2.037
2019-04-14,71.97,64.0,635.5,2.49,2.0709,26.81,2.0722
2019-04-21,72.15,63.3,623.25,2.5660000000000003,2.0512,25.78,2.1006
2019-04-28,70.85,61.94,649.0,2.5669999999999997,2.0702,25.12,2.0265
2019-05-05,70.62,61.66,632.25,2.6189999999999998,2.0504,25.6,1.9891
2019-05-12,72.21,62.76,657.0,2.6310000000000002,2.0955,24.92,2.0473
2019-05-19,68.69,58.63,604.75,2.5980000000000003,1.9713,25.4,1.9345
2019-05-26,64.49,53.5,577.5,2.454,1.8418,24.39,1.8019999999999998
2019-06-02,63.29,53.99,558.0,2.3369999999999997,1.8248,24.44,1.7389
2019-06-09,62.01,52.51,564.0,2.387,1.8294,24.99,1.7325
2019-06-16,65.2,57.43,587.0,2.186,1.9158,25.24,1.8561
2019-06-23,66.55,58.47,595.0,2.3080000000000003,1.9446,26.24,1.9425
2019-06-30,64.23,57.51,576.75,2.418,1.905,26.34,1.9295
2019-07-07,66.72,60.21,605.0,2.4530000000000003,1.9801,28.76,1.9769999999999999
2019-07-14,62.47,55.63,576.0,2.251,1.8896,28.85,1.8405
2019-07-21,63.46,56.2,584.0,2.169,1.9044,28.25,1.8744
2019-07-28,61.89,55.66,578.0,2.121,1.8902,29.23,1.7815
2019-08-04,58.53,54.5,555.5,2.119,1.808,28.1,1.6740000000000002
2019-08-11,58.64,54.87,559.5,2.2,1.8128,25.95,1.6568
2019-08-18,59.34,54.17,556.0,2.1519999999999997,1.8156,25.08,1.6428
2019-08-25,60.43,55.1,561.0,2.285,1.8282,26.32,1.6134
2019-09-01,61.54,56.52,575.5,2.496,1.9003,25.08,1.5742
2019-09-08,60.22,54.85,577.0,2.614,1.8778,26.37,1.5531
2019-09-15,64.28,58.09,617.25,2.5340000000000003,1.9863,26.51,1.6784
2019-09-22,61.91,55.91,602.25,2.404,1.9416,25.29,1.6514
2019-09-29,58.37,52.81,579.75,2.352,1.8945,22.94,1.5734
2019-10-06,60.51,54.7,595.75,2.214,1.9576,24.44,1.6388
2019-10-13,59.42,53.78,589.25,2.32,1.9471,25.87,1.6230000000000002
2019-10-20,62.02,56.66,597.75,2.3,1.9796,24.96,1.673
2019-10-27,61.69,56.2,578.0,2.714,1.9331,25.31,1.6557
2019-11-03,62.51,57.24,576.5,2.7889999999999997,1.9181,24.83,1.6337
2019-11-10,63.3,57.72,587.25,2.688,1.9480000000000002,23.84,1.635
2019-11-17,63.39,57.77,581.75,2.665,1.9294,24.57,1.6743
2019-11-24,62.43,55.17,572.0,2.281,1.8789,25.22,1.597
2019-12-01,64.39,59.2,587.25,2.334,1.9521,24.94,1.6474
2019-12-08,65.22,60.07,595.25,2.296,1.9864,24.02,1.6632
2019-12-15,66.14,60.44,613.5,2.3280000000000003,2.0218,26.55,1.7058
2019-12-22,68.16,61.72,626.0,2.158,2.0496,26.58,1.7473
2019-12-29,68.6,63.05,625.5,2.13,2.0614,24.88,1.7488
2020-01-05,64.98,59.04,593.25,2.202,1.9284,24.12,1.6596
2020-01-12,64.85,58.54,568.75,2.003,1.8592,25.36,1.6406
2020-01-19,60.69,54.19,536.0,1.893,1.734,24.31,1.5152
2020-01-26,58.16,51.56,501.0,1.841,1.6245,23.81,1.4887
2020-02-02,54.47,50.32,505.25,1.858,1.6433,23.26,1.5239
2020-02-09,57.32,52.05,514.5,1.837,1.6982,24.24,1.5833
2020-02-16,58.5,53.38,508.5,1.905,1.6866,25.56,1.6506
2020-02-23,50.52,44.76,441.0,1.6840000000000002,1.4906,23.57,1.3955
2020-03-01,45.27,41.28,413.25,1.7080000000000002,1.3852,23.39,1.389
2020-03-08,33.85,31.73,336.5,1.869,1.1374,21.89,0.8992
2020-03-15,26.98,22.43,301.0,1.604,1.0063,16.04,0.6054
2020-03-22,24.93,21.51,300.25,1.6340000000000001,1.0685,16.26,0.5737
2020-03-29,34.11,28.34,297.0,1.621,1.0706,17.86,0.6916
2020-04-05,31.48,22.76,302.5,1.733,0.9726,20.98,0.6773
2020-04-12,28.08,18.27,275.5,1.7530000000000001,0.9563,21.61,0.7107
2020-04-19,21.44,16.94,205.0,1.746,0.6467,20.66,0.6612
2020-04-26,26.44,19.78,220.0,1.89,0.7961,18.9,0.7663
2020-05-03,30.97,24.74,242.25,1.8230000000000002,0.8993,19.28,0.9522
2020-05-10,32.5,29.43,269.75,1.646,0.9204,19.09,0.9702
2020-05-17,35.13,33.25,287.75,1.7309999999999999,0.982,21.33,1.0382
2020-05-24,35.33,35.49,283.75,1.849,0.9647,21.33,1.0259
2020-05-31,42.3,39.55,330.5,1.7819999999999998,1.1506,23.17,1.2136
2020-06-07,38.73,36.26,328.5,1.7309999999999999,1.1014,21.93,1.1243
2020-06-14,42.19,39.75,364.5,1.669,1.2114,24.09,1.2716
2020-06-21,41.02,38.49,339.0,1.495,1.1363,24.66,1.1533
2020-06-28,42.8,40.65,364.0,1.734,1.2311,27.85,1.2592
2020-07-05,43.24,40.55,364.5,1.805,1.2412,28.96,1.2831
2020-07-12,43.14,40.59,367.5,1.7180000000000002,1.2191,27.74,1.2245
2020-07-19,43.34,41.29,374.75,1.808,1.2563,26.29,1.2848
2020-07-26,43.3,40.27,365.0,1.7990000000000002,1.2171,26.22,1.1871
2020-08-02,44.4,41.22,369.0,2.238,1.2199,26.36,1.2076
2020-08-09,44.8,42.01,374.5,2.356,1.2367,25.42,1.2446
2020-08-16,44.35,42.34,360.0,2.448,1.208,25.62,1.2841
2020-08-23,45.05,42.97,365.5,2.657,1.2162,29.5,1.3155
2020-08-30,42.66,39.77,335.5,2.588,1.1515,27.34,1.1772
2020-09-06,39.83,37.33,324.0,2.269,1.0896,28.24,1.0949
2020-09-13,43.15,41.11,339.75,2.048,1.159,27.97,1.2366
2020-09-20,41.92,40.25,325.25,2.1390000000000002,1.1262,26.15,1.2142
2020-09-27,39.27,37.05,314.75,2.438,1.085,27.01,1.1235
2020-10-04,42.85,40.6,347.0,2.741,1.1933,25.71,1.2032
2020-10-11,42.93,40.88,344.75,2.773,1.1791,24.89,1.1688
2020-10-18,41.77,39.85,335.0,2.971,1.1513,25.49,1.1389
2020-10-25,37.46,35.79,305.0,3.3539999999999996,1.0813,23.7,1.0495
2020-11-01,39.45,37.14,322.75,2.888,1.1426,25.42,1.0844
2020-11-08,42.78,40.13,344.75,2.995,1.2042,26.28,1.1254
2020-11-15,44.96,42.15,359.5,2.65,1.2863,26.74,1.1752
2020-11-22,48.18,45.53,391.5,2.843,1.3805,28.13,1.2819999999999998
2020-11-29,49.25,46.26,397.5,2.575,1.403,30.11,1.2685
2020-12-06,49.97,46.57,412.0,2.591,1.4369,30.52,1.3077
2020-12-13,52.26,49.1,433.5,2.7,1.5130000000000001,30.95,1.3956
2020-12-20,51.29,48.23,423.5,2.5180000000000002,1.49,32.04,1.3789
2020-12-27,51.8,48.52,420.75,2.539,1.4763,32.72,1.4084
2021-01-03,55.99,52.24,443.75,2.7,1.5795,34.92,1.5423
2021-01-10,55.1,52.36,452.0,2.737,1.5929,31.74,1.5284
2021-01-17,55.41,52.27,449.25,2.4459999999999997,1.5759999999999998,34.24,1.5487
2021-01-24,55.88,52.2,450.25,2.5639999999999996,1.6004,32.95,1.5725
2021-01-31,59.34,56.85,487.5,2.863,1.7137,38.2,1.6493
2021-02-07,62.43,59.47,502.75,2.912,1.7714,40.02,1.6925
2021-02-14,62.91,59.24,523.0,3.069,1.8229,37.4,1.8069
2021-02-21,66.13,61.5,532.0,2.7710000000000004,1.8565,37.28,1.8769999999999998
2021-02-28,69.36,66.09,547.5,2.701,1.944,39.02,2.0647
2021-03-07,69.22,65.61,553.25,2.6,1.9675,42.85,2.15
2021-03-14,64.53,61.42,510.5,2.535,1.8223,41.97,1.9431
2021-03-21,64.57,60.97,510.75,2.557,1.81,41.73,1.9673
2021-03-28,64.86,61.45,496.25,2.639,1.8316,42.47,2.0223
2021-04-04,62.95,59.32,503.75,2.526,1.8076,43.64,1.9621
2021-04-11,66.77,63.13,531.5,2.68,1.8957,44.42,2.0399
2021-04-18,66.11,62.14,525.0,2.73,1.8735,46.95,1.9957
2021-04-25,67.25,63.58,533.75,2.931,1.9211,48.84,2.0698
2021-05-02,68.28,64.9,550.5,2.958,2.0106,50.45,2.1269
2021-05-09,68.71,65.37,557.25,2.9610000000000003,2.0362,56.65,2.1266
2021-05-16,66.44,63.58,546.5,2.906,1.9882,51.75,2.0685
2021-05-23,69.63,66.32,565.5,2.986,2.0445,51.03,2.1402
