Date,Gold,Silver,Copper,Palladium,Platinum,Aluminum,Zinc,Lead,Nickel,Tin
2010-01-03,1138.2,18.458,3.388,424.15,1581.2,,,,,
2010-01-04,,,,,,,2559.75,2540.0,18075.0,17340.0
2010-01-10,1130.1,18.410999999999998,3.355,,1599.85,,,,,
2010-01-11,,,,,,,2450.0,2430.0,18560.0,18050.0
2010-01-17,1089.2,16.918,3.338,,1548.0,,,,,
2010-01-18,,,,,,,2340.0,2235.5,18450.0,17680.0
2010-01-24,1083.0,16.183,3.0460000000000003,,1502.65,,,,,
2010-01-25,,,,,,,2130.0,2029.0,18600.0,16999.0
2010-01-31,1052.2,14.823,2.8539999999999996,,1483.25,,,,,
2010-02-01,,,,,,,1955.0,1967.0,17100.0,15050.0
2010-02-07,1089.5,15.449000000000002,3.0789999999999997,,1514.7,,,,,
2010-02-08,,,,,,,2165.0,2125.0,18550.0,16205.0
2010-02-14,1121.3,16.413,3.3569999999999998,,1532.55,,,,,
2010-02-15,,,,,,,2362.0,2355.0,20650.0,17000.0
2010-02-21,1118.3,16.5,3.2680000000000002,432.4,1541.5,,,,,
2010-02-22,,,,,,,2197.0,2189.25,21156.0,17100.0
2010-02-28,1134.8,17.362000000000002,3.4019999999999997,475.4,1577.35,,,,,
2010-03-01,,,,,,,2344.0,2227.75,22405.0,17350.0
2010-03-07,1101.5,17.024,3.3689999999999998,462.25,1608.6,,2307.75,,,
2010-03-08,,,,,,,,2260.0,21800.0,17550.0
2010-03-14,1107.4,17.017,3.365,467.55,,,2277.0,,,
2010-03-15,,,,,,,,2209.0,22580.0,17700.0
2010-03-21,1104.2,16.894000000000002,3.3930000000000002,454.7,1602.15,,2207.75,,,
2010-03-22,,,,,,,,2118.0,23700.0,17600.0
2010-03-28,1125.1,17.875999999999998,3.577,489.55,1673.4,,2379.0,,,
2010-03-29,,,,,,,,2199.5,24950.0,18400.0
2010-04-04,1161.1,18.34,3.5839999999999996,,1725.9,,2385.25,,,
2010-04-05,,,,,,,,2326.0,25220.0,18750.0
2010-04-11,1136.3,17.669,3.511,,1695.2,,2390.75,,,
2010-04-12,,,,,,,,2255.0,26649.0,18850.0
2010-04-18,1153.1,18.189,3.511,,1743.4,,2380.5,,,
2010-04-19,,,,,,,,2308.25,27000.0,18910.0
2010-04-25,1180.1,18.611,3.3369999999999997,554.75,,,2259.25,,,
2010-04-26,,,,,,,,2225.0,26450.0,18149.0
2010-05-02,1210.0,18.429000000000002,3.1310000000000002,,1665.75,,2063.0,,,
2010-05-03,,,,,,,,2040.0,22301.0,17602.0
2010-05-09,1227.4,19.202,3.123,,1722.7,,2025.0,,,
2010-05-10,,,,,,,,1925.0,21577.0,17425.0
2010-05-16,1175.7,17.631,3.051,,1504.35,,1870.75,,,
2010-05-17,,,,,,,,1797.0,21390.0,17600.0
2010-05-23,1212.2,18.410999999999998,3.097,461.85,1547.8,,1909.5,,,
2010-05-24,,,,,,,,1825.0,21050.0,17800.0
2010-05-30,1216.2,17.29,2.812,429.8,1513.0,,1612.25,,,
2010-05-31,,,,,,,,1592.0,18065.0,16000.0
2010-06-06,1228.9,18.222,2.9,448.25,1542.05,,1709.5,,,
2010-06-07,,,,,,,,1679.25,19525.0,16700.0
2010-06-13,1257.2,19.175,2.8810000000000002,490.9,1598.9,,1708.5,,,
2010-06-14,,,,,,,,1746.0,19600.0,17625.0
2010-06-20,1255.8,19.105,3.093,477.2,1577.65,,1850.5,,,
2010-06-21,,,,,,,,1844.0,20022.0,18200.0
2010-06-27,1207.4,17.698,2.904,426.9,1505.35,,1754.75,,,
2010-06-28,,,,,,,,1759.75,18998.0,17350.0
2010-07-04,1209.6,18.053,3.045,,1534.45,,1878.0,,,
2010-07-05,,,,,,,,1836.5,19400.0,17750.0
2010-07-11,1188.0,17.773,2.924,,1513.35,,1770.75,,,
2010-07-12,,,,,,,,1774.0,18940.0,17600.0
2010-07-18,1187.7,18.096,3.185,,1545.25,,1887.9,,,
2010-07-19,,,,,,,,1973.0,20425.0,19175.0
2010-07-25,1181.7,17.987000000000002,3.307,500.0,1575.55,,2004.5,2059.5,21095.0,19492.0
2010-08-01,1203.4,18.459,3.34,487.6,,,2103.75,2138.75,22044.0,20704.0
2010-08-08,1214.9,18.097,3.252,,1526.65,,2018.75,2031.5,21209.0,21000.0
2010-08-15,1227.2,17.982,3.2910000000000004,,1514.75,,2038.5,2038.0,21509.0,20760.0
2010-08-22,1236.0,19.039,3.364,,1537.25,,2071.25,2069.25,21009.0,21680.0
2010-08-29,1249.2,19.915,3.4939999999999998,529.05,1557.65,,2125.25,2144.5,21560.0,21195.0
2010-09-05,1244.5,19.802,3.397,517.55,1541.75,,2082.75,2155.25,22497.0,21839.0
2010-09-12,1275.6,20.79,3.514,543.3,1622.95,,2134.5,2184.75,23235.0,23615.0
2010-09-19,1296.0,21.383000000000003,3.614,558.5,1650.25,,2227.0,2275.5,22942.0,23614.0
2010-09-26,1316.1,22.037,3.6830000000000003,571.25,1683.55,,2206.5,2274.75,23864.0,24920.0
2010-10-03,1344.2,23.087,3.767,,1708.2,,2264.75,2246.75,24368.0,26355.0
2010-10-10,1371.1,24.272,3.8339999999999996,,1699.55,,2395.25,2398.75,23987.0,26753.0
2010-10-17,1324.4,23.125,3.792,,1679.85,,2491.5,2510.75,23176.0,26390.0
2010-10-24,1357.1,24.56,3.7319999999999998,,1709.4,,2400.75,2431.25,22933.0,25573.0
2010-10-31,1397.3,26.744,3.944,,1771.95,,2504.5,2486.5,24395.0,26432.0
2010-11-07,1365.4,25.938000000000002,3.889,,1681.4,,2372.25,2496.5,22615.0,26147.0
2010-11-14,1352.2,27.175,3.833,702.95,1666.15,,2146.25,2261.0,21807.0,24990.0
2010-11-21,1362.3,26.695,3.7510000000000003,,1649.6,,2097.0,2263.75,22513.0,24218.0
2010-11-28,1405.4,29.241,3.995,768.85,1730.1,,2210.0,2319.0,23484.0,25529.0
2010-12-05,1384.3,28.576,4.105,731.35,1681.15,,2273.75,2375.25,23919.0,25797.0
2010-12-12,1378.6,29.113000000000003,4.1530000000000005,737.6,1702.45,,2266.0,2434.0,24973.0,26115.0
2010-12-19,1380.0,29.31,4.252,758.2,,,2298.75,2433.0,24114.0,26878.0
2010-12-26,1421.1,30.91,4.439,803.3,1774.8,,2446.5,2563.0,24715.0,26932.0
2011-01-02,1368.5,28.660999999999998,4.272,755.95,1736.25,,2439.0,2675.0,24180.0,26480.0
2011-01-09,1360.4,28.309,4.404,,1814.8,,2445.25,2711.0,25852.0,26890.0
2011-01-16,1341.0,27.416,4.3,,1828.75,,2306.5,2440.0,26154.0,27805.0
2011-01-23,1340.7,27.934,4.365,,1798.0,,2341.5,2446.5,26600.0,29695.0
2011-01-30,1348.3,29.064,4.571000000000001,,1845.3,,2489.0,2590.0,28350.0,31222.0
2011-02-06,1359.9,29.991999999999997,4.531000000000001,,1806.0,,2445.0,2571.5,28276.5,31755.0
2011-02-13,1388.2,32.298,4.479,,1836.95,,2534.5,2670.5,29128.0,32326.0
2011-02-20,1408.7,32.898,4.436,785.45,1807.95,,2470.75,2532.5,28175.0,32031.0
2011-02-27,1428.2,35.317,4.4719999999999995,807.8,1843.75,,2438.0,2640.5,28777.0,31851.0
2011-03-06,1421.5,35.933,4.195,763.75,1782.45,,2252.75,2440.0,25924.0,29456.0
2011-03-13,1415.9,35.06,4.33,731.4,1724.8,,29525.0,2676.0,26663.0,29525.0
2011-03-20,1426.1,37.058,4.409,750.4,1753.85,,2375.0,2670.0,27050.0,31601.0
2011-03-27,1428.1,37.736999999999995,4.252,775.05,1768.4,,2386.25,2716.25,25730.0,31450.0
2011-04-03,1473.4,40.6,4.495,,1816.35,,2522.25,2851.25,27452.0,32950.0
2011-04-10,1485.3,42.566,4.253,767.8,1791.15,,2390.25,2647.25,26150.0,32875.0
2011-04-17,1503.2,46.062,4.398,,1818.55,,2365.25,2595.25,26865.0,32703.0
2011-04-24,1556.0,48.583999999999996,4.165,,1875.05,,2259.0,2506.75,26850.0,32100.0
2011-05-01,1491.2,35.283,3.963,,,,2137.5,2286.0,24400.0,29450.0
2011-05-08,1493.4,35.010999999999996,3.975,,1764.55,,2173.0,2290.0,24374.0,28610.0
2011-05-15,1508.8,35.082,4.119,,1775.5,,2160.25,2500.0,23500.0,28000.0
2011-05-22,1536.3,37.857,4.178999999999999,759.9,1803.15,,2280.0,2506.25,23150.0,27105.0
2011-05-29,1541.7,36.187,4.13,783.25,1818.55,,2270.25,2442.25,22760.0,26450.0
2011-06-05,1528.6,36.326,4.052,815.7,1829.6,,2255.5,2538.0,22700.0,25415.0
2011-06-12,1538.6,35.739000000000004,4.103,743.7,1758.0,,2192.0,2432.75,21575.0,24975.0
2011-06-19,1500.5,34.641,4.098,730.2,1687.3,,2245.0,2579.5,22140.0,24901.0
2011-06-26,1482.3,33.694,4.292,756.45,1723.35,,2357.25,2666.75,23151.0,25550.0
2011-07-03,1541.2,36.536,4.402,777.95,1737.75,,2366.25,2708.0,23902.0,26775.0
2011-07-10,1589.8,39.063,4.405,779.4,1763.7,,2382.5,2705.25,24128.0,27051.0
2011-07-17,1601.3,40.113,4.404,,1797.65,,2488.25,2699.25,23950.0,28175.0
2011-07-24,1628.3,40.092,4.474,,1783.05,,2501.0,2621.25,24815.0,28226.0
2011-07-31,1648.8,38.196999999999996,4.113,,1719.7,,2225.0,2380.0,22650.0,24300.0
2011-08-07,1740.2,39.101,4.01,747.7,1800.0,,2177.0,2373.0,21451.0,24521.0
2011-08-14,1848.9,42.428000000000004,3.9819999999999998,,1879.65,,2192.25,2304.5,21140.0,22800.0
2011-08-21,1794.1,40.946999999999996,4.099,,1835.65,,2254.25,2481.25,21620.0,23860.0
2011-08-28,1873.7,43.02,4.107,781.1,1885.55,,2196.25,2463.0,21451.0,24100.0
2011-09-04,1856.4,41.573,3.987,737.1,1836.95,,2187.5,2438.25,21266.0,23675.0
2011-09-11,1812.1,40.781,3.92,731.2,1814.75,,2160.25,2357.25,21510.0,23225.0
2011-09-18,1637.5,30.051,3.272,640.75,1614.55,,1903.0,1915.25,18000.0,19310.0
2011-09-25,1620.4,30.041,3.145,614.05,1527.6,,1866.5,1983.25,17625.0,20206.0
2011-10-02,1634.5,30.958000000000002,3.267,585.2,1494.85,,1914.0,1925.0,18905.0,22750.0
2011-10-09,1681.8,32.14,3.405,,1557.6,,1930.0,2020.25,18861.0,21850.0
2011-10-16,1635.1,31.173000000000002,3.219,617.75,1512.6,,1810.5,1911.25,18830.0,21450.0
2011-10-23,1746.2,35.27,3.702,,1648.6,,1973.75,2075.25,19705.0,22000.0
2011-10-30,1755.3,34.07,3.563,,1637.05,,1952.0,2044.0,18881.0,21960.0
2011-11-06,1787.5,34.671,3.4619999999999997,,1645.95,,1925.0,2006.5,18150.0,21900.0
2011-11-13,1724.7,32.413000000000004,3.4019999999999997,605.05,1596.35,,1949.0,2060.0,17739.0,21350.0
2011-11-20,1685.5,31.011999999999997,3.2680000000000002,,1530.8,,1900.0,1995.0,16908.0,20300.0
2011-11-27,1747.0,32.621,3.572,643.6,1548.7,,2045.25,2107.0,17650.0,19900.0
2011-12-04,1712.8,32.173,3.5469999999999997,684.65,1515.35,,2006.0,2150.25,18578.0,20250.0
2011-12-11,1595.6,29.615,3.324,623.65,1420.25,,1867.5,1959.25,18479.0,18800.0
2011-12-18,1604.7,29.046,3.463,665.55,1426.45,,1856.25,2015.25,18501.0,19150.0
2011-12-25,1565.8,27.875,3.432,,,,1840.0,2032.5,18620.0,19125.0
2012-01-01,1616.1,28.653000000000002,3.431,,,,1853.75,1967.0,18710.0,19715.0
2012-01-08,1630.4,29.493000000000002,3.6319999999999997,,1493.45,,1958.25,2017.0,19476.0,21075.0
2012-01-15,1663.7,31.647,3.741,,1537.9,,2016.25,2176.0,20431.0,21840.0
2012-01-22,1731.8,33.747,3.884,,1624.6,,2148.25,2287.5,21656.0,24300.0
2012-01-29,1737.9,33.725,3.897,,1625.35,,2136.0,2224.5,21306.0,24246.0
2012-02-05,1723.3,33.576,3.86,,1661.75,,2084.0,2140.0,20800.0,24625.0
2012-02-12,1724.5,33.2,3.705,,1635.6,,1956.25,2035.0,19552.0,23503.0
2012-02-19,1775.1,35.332,3.862,,1714.0,,2077.25,2203.0,20081.0,23830.0
2012-02-26,1708.8,34.481,3.8960000000000004,710.8,1700.6,,2118.0,2181.0,19505.0,23810.0
2012-03-04,1710.9,34.175,3.853,708.2,1686.15,,2077.0,2140.0,19252.0,23200.0
2012-03-11,1655.5,32.573,3.8739999999999997,700.2,1672.4,,2075.25,2107.0,18931.0,23360.0
2012-03-18,1662.3,32.248000000000005,3.8089999999999997,658.4,1627.5,,2002.5,2003.0,18226.0,22150.0
2012-03-25,1669.3,32.469,3.824,653.15,1643.15,,2004.5,2035.0,17801.0,22800.0
2012-04-01,1628.5,31.715999999999998,3.792,,,,2000.25,2056.0,18268.0,22801.0
2012-04-08,1659.1,31.38,3.623,,1585.9,,1990.0,2059.25,18306.0,22306.0
2012-04-15,1642.1,31.644000000000002,3.696,,1581.4,,2023.75,2117.25,17851.0,21341.0
2012-04-22,1664.0,31.346999999999998,3.82,,1573.75,,2029.75,2128.0,18150.0,22500.0
2012-04-29,1644.7,30.38,3.7239999999999998,,1526.35,,1999.0,2104.25,17581.0,21501.0
2012-05-06,1583.6,28.858,3.648,,1464.45,,1941.25,2068.0,17116.0,20350.0
2012-05-13,1591.6,28.694000000000003,3.47,,1455.75,,1892.25,1960.5,16826.0,19330.0
2012-05-20,1568.8,28.37,3.448,,1431.5,,1900.5,1945.5,17018.0,19711.0
2012-05-27,1620.5,28.497,3.31,612.3,1444.05,,1887.25,1902.25,16075.0,19350.0
2012-06-03,1590.1,28.461,3.284,610.65,1433.75,,1868.0,1893.0,16816.0,19750.0
2012-06-10,1627.0,28.734,3.385,629.1,1482.6,,1895.0,1924.0,16855.0,19605.0
2012-06-17,1566.0,26.656999999999996,3.305,605.95,1435.8,,1807.5,1818.0,16556.0,18611.0
2012-06-24,1603.5,27.58,3.49,583.05,1449.35,,1877.0,1875.0,16761.0,18850.0
2012-07-01,1578.4,26.889,3.405,,,,1837.0,1852.5,16252.0,18552.0
2012-07-08,1591.6,27.344,3.5010000000000003,,1432.5,,1873.75,1880.75,16200.0,18711.0
2012-07-15,1582.5,27.279,3.449,,1415.35,,1838.25,1885.0,15905.0,18891.0
2012-07-22,1617.9,27.478,3.426,571.05,1411.45,,1854.25,1926.0,15960.0,18155.0
2012-07-29,1606.0,27.79,3.3710000000000004,,1406.05,,1837.5,1886.25,15600.0,17775.0
2012-08-05,1619.7,28.055,3.409,,1400.95,,1837.0,1890.5,15327.0,17755.0
2012-08-12,1616.3,27.995,3.4219999999999997,,1474.75,,1802.0,1893.25,15640.0,18450.0
2012-08-19,1669.8,30.605999999999998,3.488,,1550.45,,1874.0,1969.0,16489.0,20751.0
2012-08-26,1684.6,31.37,3.4539999999999997,627.95,1540.15,,1837.0,1962.0,15971.0,19500.0
2012-09-02,1737.5,33.633,3.656,654.0,1591.75,,1961.75,2097.5,16421.0,20050.0
2012-09-09,1769.8,34.603,3.852,698.8,1709.0,,2109.0,2252.0,17770.0,21430.0
2012-09-16,1775.5,34.567,3.804,670.05,1635.8,,2118.0,2288.5,18103.0,20656.0
2012-09-23,1771.1,34.516999999999996,3.773,639.65,1667.25,,2093.5,2270.25,18400.0,21556.0
2012-09-30,1778.6,34.516,3.786,,1711.25,,2071.0,2278.0,18316.0,22301.0
2012-10-07,1758.0,33.633,3.715,,1655.35,,1930.25,2136.5,17146.0,21271.0
2012-10-14,1722.8,32.073,3.648,,1621.75,,1878.25,2107.25,16922.0,21301.0
2012-10-21,1710.9,32.010999999999996,3.563,,1547.15,,1834.5,2019.75,16044.0,19801.0
2012-10-28,1674.1,30.835,3.483,,1574.3,,1868.5,2094.0,15964.0,20151.0
2012-11-04,1730.3,32.59,3.45,,,,1901.0,2152.0,15970.0,20230.0
2012-11-11,1714.3,32.361,3.4539999999999997,,,,1926.5,2161.25,15990.0,20371.0
2012-11-18,1751.3,34.111,3.5269999999999997,,,,1956.75,2199.0,16628.0,20803.0
2012-11-25,1710.9,33.204,3.63,686.25,,,2050.0,2245.0,17515.0,21775.0
2012-12-02,1704.0,33.053000000000004,3.647,696.5,,,2031.5,2220.25,17201.0,21775.0
2012-12-09,1695.8,32.223,3.665,700.8,,,2087.0,2293.5,17830.0,23025.0
2012-12-16,1659.1,30.142,3.555,681.3,,,2078.5,2303.5,17386.0,23200.0
2012-12-23,1654.9,29.92,3.5780000000000003,699.6,,,2058.0,2321.0,17155.0,23130.0
2012-12-30,1648.1,29.896,3.679,687.8,,,2043.0,2340.25,17450.0,23750.0
2013-01-06,1660.0,30.366999999999997,3.639,,,,2018.5,2305.0,17550.0,24820.0
2013-01-13,1686.6,31.901999999999997,3.6630000000000003,,,,2037.5,2302.5,17560.0,24930.0
2013-01-20,1656.4,31.18,3.639,,,,2080.0,2362.5,17357.0,24520.0
2013-01-27,1669.4,31.941999999999997,3.7760000000000002,,,,2173.5,2461.0,18629.0,24890.0
2013-02-03,1666.0,31.425,3.753,,,,2214.5,2423.25,18320.0,24800.0
2013-02-10,1608.8,29.839000000000002,3.7310000000000003,,,,2176.5,2442.25,18320.0,24805.0
2013-02-17,1572.4,28.456,3.53,,,,2085.25,2305.0,16935.0,23100.0
2013-02-24,1571.9,28.451,3.4819999999999998,718.65,,,2028.0,2256.0,16616.0,23215.0
2013-03-03,1576.6,28.909000000000002,3.491,780.65,,,1979.0,2210.0,16671.0,23710.0
2013-03-10,1592.5,28.816999999999997,3.508,773.7,,,1957.25,2221.5,16907.0,23781.0
2013-03-17,1606.2,28.666,3.4539999999999997,759.75,,,1953.25,2195.0,17112.0,22800.0
2013-03-24,1594.8,28.291999999999998,3.395,767.1,,,1896.0,2100.0,16685.0,23051.0
2013-03-31,1575.4,27.201,3.34,722.75,,,1886.25,2046.25,16013.0,22800.0
2013-04-07,1501.0,26.322,3.3489999999999998,707.95,,,1870.0,2043.0,15856.0,21950.0
2013-04-14,1395.3,22.955,3.1510000000000002,675.9,,,1877.0,2017.5,15177.0,20680.0
2013-04-21,1453.6,23.758000000000003,3.185,,,,1885.0,2030.75,15191.0,20766.0
2013-04-28,1464.3,23.975,3.313,692.2,,,1889.0,2047.0,15130.0,20300.0
2013-05-05,1436.8,23.631999999999998,3.3560000000000003,,,,1867.0,1998.5,15415.0,20750.0
2013-05-12,1364.9,22.339000000000002,3.321,,,,1839.25,2014.0,14820.0,20910.0
2013-05-19,1386.8,22.482,3.292,,,,1853.5,2072.75,14763.0,21031.0
2013-05-26,1392.6,22.228,3.2889999999999997,751.05,,,1922.25,2194.5,14819.0,20850.0
2013-06-02,1383.0,21.737,3.266,759.45,,,1893.0,2160.25,14975.0,20856.0
2013-06-09,1387.3,21.953000000000003,3.2039999999999997,729.8,,,1860.0,2112.5,14308.0,20320.0
2013-06-16,1291.6,19.958,3.096,673.25,,,1846.75,2025.5,14061.0,19930.0
2013-06-23,1223.8,19.451,3.05,659.2,,,1855.0,2052.75,13731.0,19633.0
2013-06-30,1212.9,18.726,3.08,675.95,,,1838.25,2030.25,13310.0,18950.0
2013-07-07,1277.8,19.779,3.1710000000000003,,,,1895.25,2066.25,13728.0,19500.0
2013-07-14,1293.3,19.448,3.15,,,,1864.5,2042.0,14180.0,19450.0
2013-07-21,1321.7,19.765,3.109,,,,1849.0,2049.25,13831.0,19367.0
2013-07-28,1310.6,19.903,3.17,728.8,,,1867.5,2111.5,13921.0,21000.0
2013-08-04,1312.9,20.399,3.3080000000000003,,,,1938.25,2176.75,14706.0,21950.0
2013-08-11,1371.7,23.316999999999997,3.365,,,,2002.25,2246.25,14879.0,21805.0
2013-08-18,1395.7,23.733,3.352,,,,1987.0,2227.0,14525.0,21750.0
2013-08-25,1396.1,23.463,3.225,722.1,,,1901.5,2151.25,13789.0,20955.0
2013-09-01,1386.7,23.842,3.258,695.45,,,1894.0,2145.5,13930.0,22875.0
2013-09-08,1308.4,21.67,3.207,697.5,,,1872.25,2084.0,13847.0,22660.0
2013-09-15,1332.5,21.875999999999998,3.3280000000000003,720.3,,,1870.0,2084.75,13971.0,22900.0
2013-09-22,1338.4,21.783,3.325,730.8,,,1909.25,2102.0,13967.0,23150.0
2013-09-29,1309.7,21.705,3.293,,,,1871.0,2052.75,13926.0,23607.0
2013-10-06,1268.0,21.215,3.265,,,,1914.25,2102.0,13903.0,23311.0
2013-10-13,1314.4,21.869,3.293,,,1816.75,1929.5,2169.0,14197.0,22700.0
2013-10-20,1352.4,22.603,3.265,,,1848.0,1949.25,2196.0,14526.0,23050.0
2013-10-27,1313.1,21.804000000000002,3.293,,,1806.75,1936.0,2183.0,14519.0,22680.0
2013-11-03,1284.5,21.307,3.253,757.35,,1775.25,1906.5,2139.0,13899.0,22825.0
2013-11-10,1287.3,20.717,3.173,,,1760.5,1896.25,2096.0,13783.0,22902.0
2013-11-17,1244.0,19.855999999999998,3.227,,,1749.15,1907.0,2105.0,13511.0,22780.0
2013-11-24,1250.6,19.980999999999998,3.2310000000000003,718.0,,1717.75,1879.0,2072.5,13480.0,22600.0
2013-12-01,1230.3,19.465,3.2689999999999997,735.45,,1738.5,1901.0,2090.0,13755.0,23131.0
2013-12-08,1235.7,19.559,3.352,715.75,,1770.25,1973.5,2150.0,14062.0,22701.0
2013-12-15,1205.1,19.418,3.3480000000000003,697.85,,1752.35,2038.0,2208.5,14410.0,22866.0
2013-12-22,1216.1,20.012999999999998,3.47,711.05,,1773.75,2091.0,2278.75,14161.0,22716.0
2013-12-29,1238.4,20.182000000000002,3.406,,,1731.75,2027.0,2171.5,13835.0,21517.0
2014-01-05,1246.7,20.201,3.387,748.95,,1740.0,2040.5,2128.75,13831.0,21841.0
2014-01-12,1251.7,20.267,3.378,,,1795.25,2073.5,2201.25,14491.0,22212.0
2014-01-19,1264.5,19.743,3.304,737.95,,1730.0,2024.0,2167.75,14460.0,21820.0
2014-01-26,1240.1,19.105,3.22,706.45,,1671.0,1970.25,2116.0,14015.0,22000.0
2014-02-02,1263.3,19.92,3.2710000000000004,712.15,,1681.25,2017.5,2118.0,14124.0,22135.0
2014-02-09,1319.0,21.410999999999998,3.321,740.9,,1718.0,2035.25,2137.0,14250.0,22902.0
2014-02-16,1323.9,21.776999999999997,3.3360000000000003,743.5,,1739.75,2042.25,2145.0,14355.0,23085.0
2014-02-23,1321.4,21.204,3.239,743.85,,1719.15,2064.25,2132.0,14665.0,23410.0
2014-03-02,1338.1,20.897,3.156,781.6,,1727.75,2057.0,2098.0,15263.0,22875.0
2014-03-09,1379.0,21.384,3.013,773.05,,1713.0,1980.5,2043.25,15734.0,22915.0
2014-03-16,1336.0,20.285999999999998,2.9939999999999998,788.75,,1694.0,1948.25,2077.0,16040.0,22800.0
2014-03-23,1293.8,19.772000000000002,3.0589999999999997,774.1,,1724.25,1976.0,2064.0,15736.0,22876.0
2014-03-30,1303.2,19.927,3.043,791.0,,1788.75,2005.25,2056.25,16376.0,23051.0
2014-04-06,1318.7,19.933,3.0660000000000003,807.05,,1863.75,2027.0,2087.25,17453.0,23281.0
2014-04-13,1293.4,19.586,3.07,807.3,,1852.5,2060.0,2141.75,17909.0,23350.0
2014-04-20,1300.7,19.685,3.127,812.0,,1850.5,2054.0,2158.0,18465.0,23700.0
2014-04-27,1302.6,19.492,3.082,813.4,,1750.5,2040.75,2091.25,18268.0,23011.0
2014-05-04,1287.3,19.077,3.1,800.75,,1727.5,2034.75,2085.0,20190.0,23077.0
2014-05-11,1293.3,19.292,3.161,814.8,,1734.0,2065.25,2136.25,19014.0,23161.0
2014-05-18,1291.6,19.387999999999998,3.18,832.2,,1768.25,2080.25,2139.5,19500.0,23250.0
2014-05-25,1245.6,18.653,3.136,835.65,,1818.25,2052.5,2091.75,19266.0,23202.0
2014-06-01,1252.1,18.963,3.053,843.95,,1828.75,2100.0,2109.5,18772.0,23151.0
2014-06-08,1273.7,19.637,3.03,813.35,,1804.75,2085.0,2089.25,18080.0,22580.0
2014-06-15,1316.2,20.941999999999997,3.1180000000000003,822.95,,1862.5,2174.25,2132.5,18382.0,22525.0
2014-06-22,1319.0,21.076999999999998,3.1489999999999996,843.25,,1870.5,2184.5,2159.5,18885.0,22223.0
2014-06-29,1320.4,21.089000000000002,3.265,862.3,,1911.0,2237.25,2181.25,19370.0,22707.0
2014-07-06,1337.0,21.410999999999998,3.259,874.75,,1899.5,2303.0,2205.0,19371.0,22076.0
2014-07-13,1309.2,20.838,3.174,881.5,,1988.0,2292.5,2190.25,18649.0,22120.0
2014-07-20,1303.1,20.588,3.227,878.8,,2019.25,2390.5,2270.75,19179.0,22410.0
2014-07-27,1293.6,20.332,3.207,864.55,,1985.5,2341.25,2232.5,18382.0,22401.0
2014-08-03,1308.9,19.902,3.1660000000000004,861.0,,2021.5,2294.0,2239.0,18550.0,22365.0
2014-08-10,1304.5,19.49,3.097,895.3,1457.75,1987.25,2280.0,2219.0,18663.0,22405.0
2014-08-17,1278.6,19.361,3.199,888.7,1421.85,2040.25,2346.25,2256.0,18750.0,22100.0
2014-08-24,1285.8,19.398,3.135,908.65,1424.5,2068.25,2355.0,2240.0,18780.0,21752.0
2014-08-31,1265.8,19.082,3.158,891.0,1410.75,2067.5,2394.0,2208.25,19585.0,21401.0
2014-09-07,1229.9,18.546,3.102,836.05,1371.85,2007.5,2283.0,2126.0,18426.0,21205.0
2014-09-14,1215.3,17.781,3.088,812.35,1336.05,1952.5,2269.25,2089.0,17771.0,21330.0
2014-09-21,1214.1,17.477,3.029,783.55,1300.9,1920.75,2266.25,2070.0,16860.0,20550.0
2014-09-28,1192.2,16.78,2.9939999999999998,753.7,1225.7,1887.25,2268.75,2079.25,16647.0,20315.0
2014-10-05,1221.0,17.252,3.032,785.05,1263.1,1902.25,2327.5,2065.25,16421.0,20101.0
2014-10-12,1238.3,17.282,3.0010000000000003,756.7,1262.35,1902.5,2250.25,2031.0,15695.0,19315.0
2014-10-19,1231.2,17.136,3.051,780.9,1250.9,1997.0,2253.5,1991.0,14950.0,19450.0
2014-10-26,1171.1,16.077,3.0610000000000004,791.45,1237.05,2052.0,2307.25,2005.25,15697.0,19651.0
2014-11-02,1169.6,15.699000000000002,3.053,772.55,1217.95,2086.75,2238.5,2023.5,15353.0,20071.0
2014-11-09,1185.0,16.31,3.0580000000000003,772.6,1213.7,2048.0,2263.5,2037.75,15594.0,19801.0
2014-11-16,1197.5,16.391,3.035,796.3,1227.1,2043.5,2293.5,2045.25,16530.0,20225.0
2014-11-23,1175.2,15.489,2.86,812.4,1200.7,2057.0,2210.25,2025.25,16184.0,20231.0
2014-11-30,1190.1,16.195999999999998,2.925,803.2,1224.0,1982.5,2233.75,2028.5,16724.0,20195.0
2014-12-07,1222.0,17.019000000000002,2.946,816.55,1230.0,1928.25,2191.25,1991.25,16591.0,20375.0
2014-12-14,1195.9,15.991,2.908,805.1,1196.8,1897.5,2174.0,1883.0,15612.0,19160.0
2014-12-21,1195.3,16.112000000000002,2.8360000000000003,818.6,1216.15,1845.0,2155.5,1857.5,15262.0,18636.0
2014-12-28,1337.7,15.734000000000002,2.838,794.85,1203.2,1833.75,2203.25,1869.0,14852.0,19811.0
2015-01-04,1357.4,16.386,2.7910000000000004,800.15,1233.75,1816.0,2157.5,1860.25,15287.0,19501.0
2015-01-11,1404.9,17.739,2.654,754.3,1268.65,1838.25,2097.5,1845.25,14750.0,19361.0
2015-01-18,1417.6,18.284000000000002,2.5380000000000003,774.1,1269.1,1820.5,2095.0,1835.0,14220.0,19355.0
2015-01-25,1384.6,17.192,2.528,772.7,1240.9,1851.75,2119.5,1858.5,15155.0,19030.0
2015-02-01,1332.6,16.678,2.603,781.6,1223.85,1857.25,2158.0,1850.5,15140.0,18470.0
2015-02-08,1325.2,17.278,2.614,795.7,1208.15,1832.25,2152.0,1841.5,14635.0,18220.0
2015-02-15,1303.2,16.262999999999998,2.611,780.85,1164.45,1785.0,2050.5,1762.0,13945.0,17850.0
2015-02-22,1309.4,16.512999999999998,2.716,818.45,1188.7,1809.25,2065.0,1727.0,14065.0,17905.0
2015-03-01,1265.6,15.784,2.6289999999999996,818.05,1160.6,1773.25,2016.0,1811.0,14385.0,18065.0
2015-03-08,1248.9,15.477,2.679,788.35,1117.05,1764.75,2012.0,1768.0,14135.0,17305.0
2015-03-15,1274.7,16.867,2.775,778.75,1137.65,1793.75,2055.0,1776.0,14120.0,17150.0
2015-03-22,1291.9,17.052,2.775,740.65,1138.95,1781.5,2084.0,1821.0,13260.0,17225.0
2015-03-29,1288.2,16.686,2.748,746.3,1155.5,1784.5,2130.0,1874.5,12990.0,16605.0
2015-04-05,1293.3,16.37,2.7510000000000003,776.05,1173.6,1752.5,2207.0,1990.5,12685.0,16590.0
2015-04-12,1288.1,16.221,2.784,782.95,1171.9,1805.25,2215.5,2033.0,12560.0,15230.0
2015-04-19,1260.4,15.630999999999998,2.752,769.95,1123.85,1813.25,2242.0,2070.0,13250.0,15725.0
2015-04-26,1266.1,16.111,2.932,774.8,1131.4,1897.25,2343.5,2119.0,13750.0,15935.0
2015-05-03,1282.5,16.442,2.931,802.35,1141.75,1862.5,2350.0,2046.0,14310.0,15875.0
2015-05-10,1318.9,17.545,2.949,794.95,1168.7,1832.75,2290.0,1976.5,13835.0,15790.0
2015-05-17,1299.7,17.03,2.833,784.0,1146.95,1741.5,2175.0,1945.0,12740.0,15780.0
2015-05-24,1280.7,16.684,2.76,776.75,1112.4,1708.25,2184.5,1948.0,12580.0,15520.0
2015-05-31,1266.6,15.970999999999998,2.722,750.4,1096.1,1716.75,2138.0,1907.5,13085.0,15255.0
2015-06-07,1281.0,15.818,2.7,738.15,1095.0,1717.0,2126.5,1860.5,13110.0,14790.0
2015-06-14,1299.4,16.104,2.592,707.35,1084.7,1665.0,2058.0,1788.0,12645.0,15305.0
2015-06-21,1273.1,15.735,2.645,678.0,1084.1,1673.75,2025.5,1780.5,12410.0,14820.0
2015-06-28,1261.5,15.537,2.635,694.15,1084.05,1676.0,2022.0,1765.0,11930.0,14010.0
2015-07-05,1256.6,15.468,2.546,649.35,1033.15,1677.75,2012.5,1790.0,11195.0,14260.0
2015-07-12,1230.7,14.82,2.505,618.0,994.05,1670.75,2060.0,1832.0,11425.0,15650.0
2015-07-19,1180.0,14.477,2.381,621.6,988.15,1614.25,1957.0,1716.0,11315.0,15405.0
2015-07-26,1183.1,16.01,2.363,611.15,984.15,1589.5,1916.0,1697.5,11055.0,16100.0
2015-08-02,1185.8,16.105,2.345,596.4,963.1,1560.75,1856.5,1718.5,10800.0,15200.0
2015-08-09,1202.3,16.502,2.3855,617.0,992.75,1565.5,1832.5,1750.0,10620.0,15355.0
2015-08-16,1246.8,16.57,2.347,604.4,1019.8,1535.25,1765.0,1703.0,10185.0,14845.0
2015-08-23,1218.4,15.772,2.384,590.15,1018.6,1595.5,1811.0,1730.0,10045.0,14055.0
2015-08-30,1200.5,15.752,2.351,577.15,991.1,1591.25,1784.0,1663.0,9860.0,15005.0
2015-09-06,1181.9,15.719000000000001,2.4645,591.0,970.95,1640.25,1818.0,1704.0,10290.0,15465.0
2015-09-13,1214.1,16.363,2.4035,610.85,982.45,1631.25,1678.0,1681.0,9700.0,15105.0
2015-09-20,1218.8,16.283,2.316,667.6,948.25,1567.5,1630.0,1666.0,9905.0,15105.0
2015-09-27,1204.2,16.383,2.355,697.6,910.75,1554.5,1699.0,1654.5,10055.0,15445.0
2015-10-04,1222.4,16.949,2.431,708.15,983.4,1601.75,1848.5,1778.5,10590.0,16000.0
2015-10-11,1246.6,17.233,2.4195,699.4,1015.55,1545.25,1802.5,1803.0,10555.0,15905.0
2015-10-18,1218.7,16.939,2.3715,693.85,1002.6,1467.75,1756.0,1755.0,10495.0,15675.0
2015-10-25,1195.2,16.727999999999998,2.3475,677.25,987.35,1452.75,1709.0,1699.0,10025.0,14950.0
2015-11-01,1147.9,15.845,2.29,612.95,942.35,1513.0,1662.0,1663.5,9625.0,14535.0
2015-11-08,1141.3,15.333,2.2159999999999997,539.25,861.7,1482.0,1617.0,1608.0,9420.0,14705.0
2015-11-15,1133.8,15.225999999999999,2.1005,559.7,855.4,1446.5,1551.0,1586.5,8655.0,14615.0
2015-11-22,1114.5,15.157,2.105,551.2,836.45,1457.5,1551.5,1615.5,8770.0,14975.0
2015-11-29,1143.2,15.597000000000001,2.127,567.15,880.2,1509.5,1550.5,1681.0,8945.0,14790.0
2015-12-06,1133.8,14.904000000000002,2.1565,545.05,841.25,1481.0,1545.5,1725.0,8685.0,14550.0
2015-12-13,1123.3,15.136,2.1555,559.35,859.65,1502.5,1517.0,1673.5,8750.0,14635.0
2015-12-20,1135.9,15.425,2.165,559.3,884.45,1531.0,1552.0,1743.0,8605.0,14535.0
2015-12-27,1121.0,14.845,2.178,562.25,892.5,1505.5,1607.0,1782.0,8815.0,14505.0
2016-01-03,1151.7,14.942,2.068,494.2,880.0,1491.25,1502.5,1623.0,8495.0,13710.0
2016-01-10,1137.5,14.777000000000001,1.994,487.2,830.95,1473.0,1475.5,1597.0,8400.0,13205.0
2016-01-17,1142.6,14.901,2.043,500.25,831.75,1484.75,1510.0,1635.0,8635.0,13595.0
2016-01-24,1161.9,15.073,2.102,499.0,871.85,1520.75,1616.0,1714.0,8600.0,14645.0
2016-01-31,1198.0,15.6,2.128,499.35,913.7,1495.0,1668.5,1762.5,8115.0,15050.0
2016-02-07,1271.2,16.539,2.0525,527.75,958.15,1492.0,1698.5,1843.5,7755.0,15325.0
2016-02-14,1267.4,16.171,2.1109999999999998,499.75,940.45,1551.75,1745.5,1743.0,8550.0,15710.0
2016-02-21,1258.8,15.503,2.1515,484.35,915.15,1560.0,1753.0,1742.5,8475.0,15880.0
2016-02-28,1315.6,16.535999999999998,2.281,563.0,981.05,1583.25,1844.0,1865.5,9320.0,16815.0
2016-03-06,1308.6,16.465,2.252,579.95,964.85,1562.5,1802.0,1842.0,8770.0,16790.0
2016-03-13,1302.0,16.739,2.3040000000000003,590.05,973.65,1509.5,1843.5,1808.0,8650.0,16830.0
2016-03-20,1272.4,16.14,2.255,572.65,948.45,1469.25,1790.5,1770.0,8655.0,17220.0
2016-03-27,1268.9,15.939,2.2025,560.9,959.1,1524.25,1863.5,1749.5,8305.0,16660.0
2016-04-03,1287.3,16.229,2.136,542.7,968.75,1506.5,1758.5,1703.5,8535.0,16760.0
2016-04-10,1279.7,17.173,2.2005,568.25,986.25,1545.0,1879.0,1710.5,8930.0,17135.0
2016-04-17,1278.8,17.843,2.3025,606.2,1011.7,1648.5,1907.5,1792.5,9015.0,17315.0
2016-04-24,1341.4,18.726,2.3169999999999997,627.65,1080.0,1673.75,1937.0,1797.0,9430.0,17200.0
2016-05-01,1340.1,18.439,2.195,607.2,1082.0,1585.75,1881.5,1742.0,9030.0,17380.0
2016-05-08,1319.5,18.047,2.122,592.4,1054.25,1517.25,1895.0,1710.5,8640.0,16700.0
2016-05-15,1305.9,17.463,2.103,562.85,1024.0,1540.0,1864.5,1666.0,8475.0,16425.0
2016-05-22,1267.6,17.211,2.1635,539.6,978.3,1547.25,1904.0,1695.0,8395.0,16155.0
2016-05-29,1294.6,17.314,2.16,551.85,988.05,1538.0,1996.5,1721.0,8495.0,16520.0
2016-06-05,1327.7,18.291,2.086,548.4,993.6,1568.75,2087.5,1698.0,8920.0,17020.0
2016-06-12,1342.9,18.369,2.104,531.8,970.95,1608.0,1978.5,1698.5,9040.0,17010.0
2016-06-19,1376.8,18.749000000000002,2.162,548.8,987.15,1611.25,2021.0,1708.5,8985.0,17040.0
2016-06-26,1394.3,20.505,2.262,572.25,1064.3,1658.75,2147.0,1851.5,9950.0,17350.0
2016-07-03,1412.0,21.035999999999998,2.171,618.5,1101.95,1654.5,2142.0,1809.0,9855.0,17685.0
2016-07-10,1383.5,21.129,2.274,651.02,1099.0,1671.25,2206.5,1866.25,10210.0,17885.0
2016-07-17,1385.5,20.656,2.2769999999999997,687.95,1087.5,1599.5,2254.5,1841.0,10382.5,17735.0
2016-07-24,1415.7,21.346,2.273,711.65,1153.65,1636.75,2246.0,1826.75,10637.5,17827.5
2016-07-31,1407.9,20.938000000000002,2.215,696.9,1150.6,1633.0,2265.0,1785.5,10705.0,18340.0
2016-08-07,1406.8,20.868000000000002,2.1985,693.2,1128.55,1643.25,2235.0,1836.5,10292.5,18160.0
2016-08-14,1408.0,20.495,2.2235,712.4,1118.75,1659.25,2293.0,1887.75,10357.5,18500.0
2016-08-21,1383.2,19.778,2.135,697.3,1076.15,1632.5,2319.5,1878.5,9837.5,18847.5
2016-08-28,1385.3,20.384,2.1295,676.15,1066.4,1579.25,2364.0,1944.0,10030.0,19277.5
2016-09-04,1393.1,20.398,2.141,681.2,1064.8,1560.5,2292.0,1895.75,10352.5,19262.5
2016-09-11,1367.1,19.9,2.208,674.05,1017.6,1561.5,2216.5,1933.25,9730.0,19092.5
2016-09-18,1396.0,20.858,2.253,707.9,1057.1,1630.25,2276.0,1918.0,10635.0,19622.5
2016-09-25,1370.4,20.281,2.26,722.95,1032.8,1664.75,2377.0,2131.25,10510.0,20030.0
2016-10-02,1304.5,18.429000000000002,2.2165,672.25,970.75,1667.25,2329.0,2083.75,10217.5,20100.0
2016-10-09,1310.4,18.494,2.1645,650.15,937.25,1671.0,2260.5,2007.0,10485.0,19462.5
2016-10-16,1323.0,18.549,2.1455,622.65,935.0,1619.75,2257.0,2003.5,9977.5,19960.0
2016-10-23,1337.1,18.822,2.2430000000000003,618.15,981.75,1718.75,2398.0,2069.75,10385.0,20595.0
2016-10-30,1365.7,19.433,2.31,626.65,1000.4,1717.25,2445.0,2097.0,10440.0,21210.0
2016-11-06,1282.7,18.407,2.553,687.15,944.7,1740.0,2475.0,2133.5,11217.5,21430.0
2016-11-13,1276.4,17.642,2.5105,729.45,923.4,1697.75,2559.0,2141.0,10902.5,20170.0
2016-11-20,1245.5,17.504,2.7005,743.65,908.0,1758.75,2880.0,2431.5,11680.0,21022.5
2016-11-27,1242.4,17.796,2.6285,746.3,929.9,1716.5,2660.5,2268.5,11482.5,21090.0
2016-12-04,1236.0,17.915,2.6565,735.95,916.1,1755.5,2706.0,2322.0,11462.5,20957.5
2016-12-11,1220.9,17.26,2.5780000000000003,698.2,927.6,1724.5,2729.5,2241.0,11190.0,21190.0
2016-12-18,1216.8,16.793,2.499,657.25,893.1,1721.25,2575.5,2063.75,10440.0,21052.5
2016-12-25,1234.5,17.027,2.5285,683.95,905.65,1694.0,2567.0,2008.75,10057.5,21025.0
2017-01-01,1255.7,17.559,2.577,758.55,972.85,1715.0,2622.0,2064.0,10287.5,21037.5
2017-01-08,1281.3,17.847,2.7260000000000004,749.85,987.75,1809.0,2784.0,2294.75,10407.5,21130.0
2017-01-15,1289.2,18.109,2.6655,789.8,981.8,1843.75,2750.0,2301.5,9687.5,20175.0
2017-01-22,1271.7,18.214000000000002,2.7295,740.35,988.45,1805.25,2756.0,2273.25,9542.5,19910.0
2017-01-29,1302.2,18.635,2.6755,750.45,1006.85,1819.75,2783.0,2319.5,10277.5,19672.5
2017-02-05,1314.5,19.169,2.8310000000000004,785.55,1014.3,1866.5,2930.0,2405.25,10645.0,19435.0
2017-02-12,1319.4,19.314,2.7815,781.6,1006.35,1871.25,2810.0,2254.0,11065.0,19817.5
2017-02-19,1338.4,19.623,2.7585,773.75,1031.05,1884.75,2830.0,2258.25,10885.0,19165.0
2017-02-26,1308.8,18.944000000000003,2.7615,768.25,1000.6,1884.75,2783.5,2248.0,10977.5,19462.5
2017-03-05,1284.0,18.097,2.673,745.65,943.9,1873.5,2709.5,2261.25,9917.5,19290.0
2017-03-12,1313.6,18.622,2.7675,776.4,965.8,1908.5,2890.0,2294.0,10272.5,20255.0
2017-03-19,1330.4,18.963,2.7175,813.8,966.35,1934.75,2830.0,2353.0,9880.0,19880.0
2017-03-26,1329.8,19.483,2.7405,798.5,953.4,1954.75,2768.0,2331.5,10022.5,20015.0
2017-04-02,1336.8,19.396,2.7460000000000004,804.05,956.8,1948.5,2686.0,2256.0,10212.5,20285.0
2017-04-09,1366.7,19.745,2.6725,796.25,976.1,1900.75,2622.5,2240.25,9707.5,19640.0
2017-04-16,1367.0,19.102,2.6425,790.65,974.65,1925.25,2584.0,2142.75,9380.0,19705.0
2017-04-23,1347.1,18.445,2.6795,826.45,948.15,1904.0,2623.5,2251.25,9450.0,19937.5
2017-04-30,1305.8,17.442,2.6095,812.55,914.4,1895.25,2591.0,2179.25,9157.5,19690.0
2017-05-07,1305.7,17.56,2.602,802.5,922.0,1885.5,2551.5,2124.5,9327.5,19855.0
2017-05-14,1329.9,17.954,2.6519999999999997,759.8,940.4,1938.75,2634.5,2115.0,9357.5,20362.5
2017-05-21,1344.8,18.484,2.642,786.7,961.95,1944.25,2643.5,2122.25,9077.5,20362.5
2017-05-28,1353.1,18.67,2.648,834.05,955.35,1924.25,2535.5,2111.25,8907.5,20307.5
2017-06-04,1343.9,18.383,2.7145,856.2,940.4,1897.25,2539.5,2104.75,8957.5,18797.5
2017-06-11,1328.5,17.803,2.636,865.65,929.85,1855.0,2526.0,2113.75,8937.5,19647.5
2017-06-18,1327.7,17.794,2.6945,856.65,929.75,1857.25,2704.5,2229.5,9102.5,19402.5
2017-06-25,1314.0,17.713,2.7665,836.65,927.7,1910.5,2763.0,2294.0,9372.5,19962.5
2017-07-02,1282.4,16.500999999999998,2.7115,831.25,909.0,1921.0,2786.5,2299.5,8982.5,19680.0
2017-07-09,1298.8,16.997,2.764,856.75,923.45,1908.75,2789.0,2317.0,9537.5,19922.5
2017-07-16,1325.9,17.516,2.806,844.35,937.8,1899.75,2756.0,2244.75,9547.5,20230.0
2017-07-23,1342.6,17.781,2.958,880.15,937.85,1888.75,2784.0,2327.25,10282.5,20685.0
2017-07-30,1331.7,17.327,2.9635,874.8,967.85,1892.0,2812.5,2358.0,10332.5,20607.5
2017-08-06,1361.4,18.131,2.992,894.7,987.8,2038.25,2900.5,2334.0,10640.0,20297.5
2017-08-13,1358.8,18.06,3.0255,927.1,981.75,2051.5,3139.0,2358.75,11000.0,20270.0
2017-08-20,1364.8,18.090999999999998,3.1195,931.05,977.3,2057.25,3068.0,2326.0,11460.0,20395.0
2017-08-27,1397.1,18.775,3.1865,981.15,1011.25,2121.75,3210.0,2401.75,12137.5,20720.0
2017-09-03,1419.3,19.014,3.113,936.95,1010.85,2076.5,3031.0,2265.25,11487.5,20532.5
2017-09-10,1395.1,18.648,3.0275,927.4,970.75,2056.25,3032.0,2365.75,11125.0,20557.5
2017-09-17,1369.4,17.901,3.0225,920.5,933.45,2141.5,3063.5,2488.75,10632.5,20590.0
2017-09-24,1357.6,17.614,3.036,925.2,915.3,2081.0,3166.5,2489.25,10525.0,20735.0
2017-10-01,1350.0,17.739,3.112,920.62,918.95,2134.25,3243.0,2535.5,10580.0,20582.5
2017-10-08,1380.4,18.361,3.2110000000000003,985.92,948.8,2110.25,3245.0,2536.0,11715.0,20685.0
2017-10-15,1356.2,18.033,3.241,970.77,926.0,2125.25,3102.0,2468.25,11737.5,19580.0
2017-10-22,1349.1,17.71,3.1865,966.33,918.4,2156.25,3171.5,2428.5,11572.5,19787.5
2017-10-29,1346.9,17.791,3.197,996.62,922.65,2170.0,3214.0,2468.5,12702.5,19532.5
2017-11-05,1354.5,17.822,3.1575,992.9,931.15,2090.0,3217.5,2516.5,12097.5,19435.0
2017-11-12,1378.0,18.357,3.1485,993.1,953.95,2092.5,3186.0,2444.25,11597.5,19522.5
2017-11-19,1371.6,17.999000000000002,3.2455,994.3,945.05,2120.75,3234.5,2486.75,12032.5,19495.0
2017-11-26,1362.8,17.303,3.1545,1015.65,941.2,2059.5,3239.5,2541.75,11315.0,19445.0
2017-12-03,1328.1,16.735,3.053,998.33,888.0,1993.25,3086.5,2453.75,10950.0,19440.0
2017-12-10,1337.4,16.968,3.2089999999999996,1016.88,893.9,2055.5,3206.0,2522.5,11567.5,19167.5
2017-12-17,1359.8,17.369,3.3135,1031.45,923.05,2183.75,3274.0,2483.0,12080.0,19487.5
2017-12-24,1391.9,18.07,3.383,1045.85,934.6,2258.25,3313.0,2496.0,12652.5,19950.0
2017-12-31,1408.3,18.237000000000002,3.3265,1068.2,974.9,2190.25,3352.5,2553.25,12547.5,19945.0
2018-01-07,1425.7,18.169,3.324,1090.6,998.7,2210.25,3396.5,2540.0,12662.5,20267.5
2018-01-14,1425.9,18.090999999999998,3.3,1098.8,1016.7,2222.0,3405.0,2586.75,12687.5,20577.5
2018-01-21,1453.7,18.646,3.3139999999999996,1074.0,1013.4,2259.75,3483.0,2605.5,13632.5,21630.0
2018-01-28,1434.6,17.923,3.304,1035.5,995.9,2212.5,3510.0,2669.0,13512.5,21587.5
2018-02-04,1410.1,17.327,3.153,954.55,968.2,2124.25,3378.5,2537.25,12950.0,21057.5
2018-02-11,1452.8,17.902,3.363,1027.15,1008.8,2207.0,3567.0,2605.25,13675.0,21760.0
2018-02-18,1429.0,17.666,3.339,1034.3,998.1,2134.0,3508.5,2537.5,13735.0,21587.5
2018-02-25,1424.2,17.657,3.2355,980.7,967.4,2144.25,3362.5,2454.25,13492.5,21525.0
2018-03-04,1428.0,17.817999999999998,3.2555,982.65,966.9,2104.5,3296.0,2386.5,13820.0,21460.0
2018-03-11,1416.3,17.475,3.2285,983.55,950.9,2073.5,3254.5,2380.5,13595.0,21012.5
2018-03-18,1455.0,17.809,3.1195,967.0,949.6,2036.75,3224.0,2351.0,12987.5,20792.5
2018-03-25,1426.0,17.474,3.1525,938.65,936.6,1990.75,3270.0,2396.75,13380.0,21125.0
2018-04-01,1435.9,17.544,3.196,892.3,920.6,2026.25,3240.5,2385.0,13262.5,20972.5
2018-04-08,1447.9,17.809,3.2135,976.05,934.3,2291.0,3103.0,2302.75,13902.5,21017.5
2018-04-15,1438.2,18.298,3.281,1022.3,929.4,2485.0,3235.5,2336.0,14850.0,21642.5
2018-04-22,1423.6,17.590999999999998,3.2005,958.3,916.8,2227.0,3136.5,2347.0,13865.0,20972.5
2018-04-29,1414.7,17.609,3.2155,953.65,911.6,2374.0,3062.0,2314.5,13967.5,21217.5
2018-05-06,1420.4,17.851,3.242,982.0,924.0,2278.75,3093.0,2348.5,14042.5,21000.0
2018-05-13,1391.3,17.555999999999997,3.1915,957.3,886.8,2280.25,3094.0,2335.75,14632.5,20695.0
2018-05-20,1403.2,17.633,3.2055,975.7,900.6,2267.5,3052.0,2435.5,14730.0,20342.5
2018-05-27,1390.1,17.505,3.2295,996.6,903.7,2318.0,3088.5,2464.25,15410.0,20737.5
2018-06-03,1394.8,17.783,3.415,1005.7,908.2,2302.0,3200.5,2471.75,15460.0,21162.5
2018-06-10,1369.7,17.506,3.273,981.8,888.2,2206.0,3077.0,2404.0,15170.0,20752.5
2018-06-17,1361.7,17.475,3.154,946.4,878.7,2193.25,2933.0,2415.75,15370.0,20440.0
2018-06-24,1343.7,17.13,3.0735,950.9,856.9,2164.0,2855.0,2410.5,14950.0,19700.0
2018-07-01,1344.6,16.996,2.943,947.6,847.0,2111.25,2751.0,2348.0,13960.0,19385.0
2018-07-08,1329.0,16.746,2.907,932.8,831.7,2066.75,2583.0,2212.25,13967.5,19752.5
2018-07-15,1316.8,16.452,2.8755,888.9,828.9,2024.0,2578.5,2138.0,13515.0,19477.5
2018-07-22,1309.0,16.379,2.924,918.5,832.3,2058.5,2580.5,2134.5,13782.5,19840.0
2018-07-29,1299.4,16.34,2.9010000000000002,907.9,832.5,2007.25,2607.0,2112.25,13515.0,19667.5
2018-08-05,1294.6,16.179000000000002,2.8745,901.1,828.8,2088.0,2536.5,2099.0,13812.5,19475.0
2018-08-12,1258.1,15.45,2.7575,877.8,788.1,2018.25,2388.5,2001.5,13552.5,18707.5
2018-08-19,1285.0,15.626,2.832,928.6,790.5,2081.75,2526.0,2078.75,13430.0,19012.5
2018-08-26,1277.7,15.290999999999999,2.779,980.3,787.8,2109.5,2471.5,2088.25,12815.0,18937.5
2018-09-02,1272.1,14.883,2.7295,987.8,781.9,2036.25,2401.5,2059.75,12332.5,19050.0
2018-09-09,1273.8,14.876,2.748,998.8,794.6,2007.0,2311.0,2036.75,12412.5,19005.0
2018-09-16,1274.3,15.084000000000001,2.9285,1066.9,828.7,2074.5,2509.0,2041.0,13262.5,18920.0
2018-09-23,1268.7,15.448,2.8795,1082.6,818.5,2056.0,2597.0,2032.0,12547.5,18837.5
2018-09-30,1280.2,15.415,2.852,1063.5,825.3,2132.0,2621.0,1989.0,12662.5,18990.0
2018-10-07,1296.3,15.414000000000001,2.8735,1060.8,841.8,2034.5,2636.5,2048.0,12690.0,19117.5
2018-10-14,1303.8,15.436,2.8685,1072.0,833.9,2010.5,2622.0,1996.25,12472.5,19150.0
2018-10-21,1309.7,15.488,2.8289999999999997,1091.6,836.0,1994.25,2657.5,1995.75,11877.5,19272.5
2018-10-28,1307.3,15.558,2.89,1102.7,872.1,1968.5,2549.0,2005.25,11937.5,19110.0
2018-11-04,1282.2,14.965,2.7655,1099.5,855.6,1950.5,2500.0,1965.75,11417.5,19127.5
2018-11-11,1294.9,15.219000000000001,2.8360000000000003,1158.9,848.0,1937.0,2618.5,2002.0,11395.0,19387.5
2018-11-18,1296.1,15.08,2.812,1101.9,843.1,1951.25,2507.5,1962.25,10872.5,18535.0
2018-11-25,1292.7,14.919,2.819,1147.2,801.0,1966.75,2536.0,1954.5,11097.5,18430.0
2018-12-02,1319.5,15.388,2.8015,1171.35,794.3,1956.5,2585.0,1994.25,10960.0,18990.0
2018-12-09,1307.0,15.314,2.7905,1169.65,787.35,1901.25,2534.0,1954.75,11037.5,19377.5
2018-12-16,1323.1,15.379000000000001,2.7039999999999997,1158.9,789.05,1885.75,2489.0,1962.5,10872.5,19392.5
2018-12-23,1348.3,16.109,2.7135,1185.2,790.25,1827.5,2444.5,2044.75,10735.0,19445.0
2018-12-30,1351.0,16.464000000000002,2.708,1240.45,826.7,1850.25,2448.5,1957.5,11122.5,19585.0
2019-01-06,1355.4,16.346,2.7310000000000003,1281.2,813.8,1813.5,2497.0,1994.75,11462.5,20285.0
2019-01-13,1348.1,16.090999999999998,2.763,1337.35,800.3,1870.0,2579.0,1996.0,11807.5,20600.0
2019-01-20,1364.0,16.396,2.78,1327.1,820.65,1912.75,2682.0,2105.75,11945.0,20580.0
2019-01-27,1381.1,16.64,2.824,1316.9,825.9,1867.25,2758.0,2123.0,12675.0,20880.0
2019-02-03,1377.8,16.529,2.861,1378.75,802.2,1878.0,2697.0,2087.5,12572.5,21022.5
2019-02-10,1381.2,16.451,2.841,1409.4,808.55,1825.75,2662.0,2076.75,12412.5,21130.0
2019-02-17,1392.5,16.617,2.971,1465.3,845.45,1897.5,2711.0,2062.75,12987.5,21537.5
2019-02-24,1358.3,15.884,2.9635,1502.8,862.2,1900.75,2777.5,2137.5,13172.5,21610.0
2019-03-03,1358.5,15.975,2.9295,1470.9,818.85,1845.25,2716.0,2089.75,13082.5,21370.0
2019-03-10,1360.6,15.948,2.948,1514.65,831.8,1886.5,2782.5,2064.25,12932.5,21112.5
2019-03-17,1369.3,16.012,2.8965,1520.35,847.95,1888.0,2819.5,2037.5,12975.0,21407.5
2019-03-24,1346.0,15.705,2.9745,1354.1,853.4,1900.25,2909.5,2015.75,12995.0,21422.5
2019-03-31,1345.2,15.699000000000002,2.945,1344.7,905.65,1877.5,2918.0,1986.25,13057.5,20835.0
2019-04-07,1346.3,15.577,3.0045,1344.9,895.35,1844.5,2922.0,1931.5,13012.5,20677.5
2019-04-14,1326.9,15.554,2.9815,1410.0,907.0,1850.25,2761.5,1942.25,12657.5,20227.5
2019-04-21,1339.2,15.587,2.9565,1456.65,902.8,1818.0,2763.5,1950.5,12432.5,19930.0
2019-04-28,1331.7,15.48,2.88,1365.5,874.7,1769.5,2770.75,1888.0,12202.5,19220.0
2019-05-05,1337.2,15.259,2.8360000000000003,1348.0,867.75,1777.25,2639.5,1819.0,11962.5,19502.5
2019-05-12,1322.5,14.837,2.7985,1307.85,819.55,1819.0,2596.75,1821.5,12005.0,19460.0
2019-05-19,1330.1,15.005,2.7625,1327.7,805.5,1780.0,2555.5,1828.0,12395.0,19320.0
2019-05-26,1349.6,15.007,2.6910000000000003,1324.15,792.8,1777.5,2523.25,1804.0,11990.0,18742.5
2019-06-02,1381.9,15.452,2.679,1352.1,806.15,1737.5,2483.5,1839.5,11625.0,19292.5
2019-06-09,1381.5,15.207,2.678,1461.85,803.6,1733.5,2455.25,1873.25,11917.5,19285.0
2019-06-16,1432.7,15.687000000000001,2.752,1494.85,809.45,1750.25,2433.5,1907.25,12112.5,18982.5
2019-06-23,1446.8,15.942,2.7739999999999996,1527.2,839.6,1782.25,2492.25,1933.25,12675.0,18825.0
2019-06-30,1436.6,15.645,2.7245,1564.7,813.8,1787.0,2410.0,1878.25,12462.5,18345.0
2019-07-07,1450.9,15.876,2.7569999999999997,1541.05,834.25,1802.75,2436.0,1978.75,13570.0,18217.5
2019-07-14,1465.5,16.832,2.8110000000000004,1502.95,849.45,1834.25,2424.25,2044.5,14645.0,17785.0
2019-07-21,1460.4,17.046,2.7515,1530.35,868.6,1786.75,2440.75,2072.25,14137.5,17667.5
2019-07-28,1485.3,16.912,2.642,1403.9,848.2,1750.5,2353.25,1952.25,14482.5,17095.0
2019-08-04,1534.5,17.555999999999997,2.655,1414.6,864.35,1747.5,2238.0,2062.5,15647.5,16860.0
2019-08-11,1549.2,17.755,2.66,1441.2,851.4,1760.0,2266.5,2035.0,16172.5,16640.0
2019-08-18,1563.5,18.051,2.5965,1452.9,860.25,1754.25,2245.0,2064.0,15665.0,15887.5
2019-08-25,1557.2,18.877,2.608,1530.0,936.6,1732.5,2219.0,2028.25,17900.0,16282.5
2019-09-01,1543.3,18.676,2.69,1535.5,953.3,1769.25,2322.0,2080.0,17942.5,17375.0
2019-09-08,1530.7,18.184,2.7539999999999996,1602.95,950.65,1791.25,2391.0,2109.75,17750.0,16705.0
2019-09-15,1545.3,18.451,2.6639999999999997,1619.6,947.3,1785.5,2293.25,2114.5,17390.0,16682.5
2019-09-22,1536.1,18.241,2.6555,1652.9,929.6,1722.75,2308.75,2076.5,17220.0,16152.5
2019-09-29,1540.7,18.198,2.616,1640.8,885.45,1708.25,2311.0,2167.0,17735.0,16460.0
2019-10-06,1517.8,18.121,2.678,1673.0,901.0,1714.0,2422.75,2178.25,17530.0,16620.0
2019-10-13,1523.0,18.162,2.685,1726.9,896.5,1746.5,2454.0,2174.25,16217.5,16937.5
2019-10-20,1535.1,18.534000000000002,2.7235,1741.25,930.55,1733.5,2513.75,2218.0,16842.5,16717.5
2019-10-27,1541.3,18.701,2.6955,1780.85,954.65,1761.5,2524.5,2164.75,16757.5,16512.5
2019-11-03,1496.3,17.47,2.7305,1712.4,889.7,1820.25,2493.25,2112.5,16185.0,16737.5
2019-11-10,1499.1,17.576,2.6935,1674.3,892.4,1763.0,2386.25,2007.75,14952.5,16142.5
2019-11-17,1494.4,17.624000000000002,2.701,1744.8,893.75,1741.5,2308.25,1966.75,14642.5,16372.5
2019-11-24,1496.6,17.625999999999998,2.707,1813.15,898.1,1780.0,2275.75,1944.25,13667.5,16475.0
2019-12-01,1489.9,17.094,2.7705,1852.1,897.9,1746.75,2239.0,1890.0,13490.0,17037.5
2019-12-08,1506.9,17.499000000000002,2.8205,1908.1,930.6,1750.0,2258.0,1907.5,14212.5,17195.0
2019-12-15,1506.4,17.706,2.8369999999999997,1822.3,912.15,1758.75,2346.75,1934.75,14492.5,17305.0
2019-12-22,1544.4,18.42,2.8605,1875.1,947.35,1786.25,2312.0,1937.0,14222.5,17070.0
2019-12-29,1579.6,18.633,2.8215,1957.4,988.55,1781.5,2309.5,1917.0,13772.5,16800.0
2020-01-05,1587.0,18.593,2.8485,2073.6,984.3,1790.25,2370.75,1927.75,14225.0,17247.5
2020-01-12,1587.2,18.554000000000002,2.88,2250.4,1027.05,1784.0,2428.75,1979.5,13937.5,17767.5
2020-01-19,1599.0,18.586,2.727,2322.0,1010.25,1780.0,2339.0,1934.75,12975.0,16850.0
2020-01-26,1609.4,18.472,2.5610000000000004,2217.35,962.65,1722.0,2208.25,1876.0,12777.5,16452.5
2020-02-02,1595.0,18.159000000000002,2.605,2212.7,970.15,1696.0,2157.5,1814.25,12832.5,16255.0
2020-02-09,1606.9,18.192,2.647,2335.2,967.4,1708.0,2149.5,1873.75,13047.5,16552.5
2020-02-16,1669.1,18.993,2.6535,2614.0,976.75,1704.75,2104.75,1830.75,12572.5,16605.0
2020-02-23,1583.6,16.811,2.575,2500.0,866.35,1686.0,2021.25,1847.75,12220.0,16232.5
2020-03-01,1683.0,17.505,2.5885,2462.2,904.35,1668.25,1988.5,1841.5,12837.5,16802.5
2020-03-08,1524.9,14.658,2.4945,1658.0,763.3,1675.0,1983.0,1756.75,12307.5,15842.5
2020-03-15,1495.1,12.523,2.1995,1517.0,611.4,1640.75,1846.5,1638.0,11330.0,13632.5
2020-03-22,1655.0,14.7,2.204,2145.3,738.4,1518.25,1875.5,1690.25,11415.0,14300.0
2020-03-29,1646.5,14.684000000000001,2.2230000000000003,2118.0,724.6,1453.75,1880.5,1662.0,11215.0,14157.5
2020-04-05,1753.6,16.444000000000003,2.31,2087.0,751.8,1426.5,1906.75,1727.0,11695.0,14927.5
2020-04-12,1702.7,15.565,2.392,2100.0,791.25,1491.0,1951.0,1678.25,12065.0,15135.0
2020-04-19,1741.7,15.557,2.3795,1976.0,781.25,1488.0,1888.5,1626.75,12260.0,14980.0
2020-04-26,1712.0,15.249,2.349,1870.3,778.6,1477.5,1912.5,1629.5,11930.0,15002.5
2020-05-03,1735.2,16.045,2.4535,1850.0,791.05,1453.0,2002.0,1647.5,12285.0,15180.0
2020-05-10,1778.7,17.295,2.375,1869.8,821.45,1447.25,1964.5,1601.75,11825.0,14920.0
2020-05-17,1765.6,17.963,2.436,1981.2,886.6,1492.25,1984.5,1648.5,12265.0,15407.5
2020-05-24,1765.7,18.785,2.4755,1952.7,873.1,1524.25,1987.0,1663.75,12375.0,15442.5
2020-05-31,1701.9,18.16,2.6010000000000004,1966.0,834.5,1550.75,2016.5,1762.5,12927.5,16455.0
2020-06-07,1755.2,18.086,2.655,1928.0,820.4,1563.25,1988.25,1750.0,12707.5,16975.0
2020-06-14,1768.6,18.48,2.6655,1909.2,824.6,1569.0,2069.5,1780.25,12747.5,16890.0
2020-06-21,1798.5,18.569000000000003,2.7119999999999997,1893.1,804.0,1551.25,2035.5,1785.75,12667.5,16765.0
2020-06-28,1812.0,18.768,2.78,1933.9,825.8,1593.25,2033.75,1786.0,12970.0,16890.0
2020-07-05,1831.3,19.512,2.9255,1997.0,841.5,1638.0,2191.5,1854.25,13550.0,17222.5
2020-07-12,1833.7,20.258,2.9335,2050.5,850.9,1651.25,2181.0,1813.75,13120.0,17312.5
2020-07-19,1925.2,23.463,2.9219999999999997,2300.0,955.35,1678.5,2212.0,1811.25,13622.5,17605.0
2020-07-26,1985.9,24.899,2.911,2133.0,919.7,1692.5,2315.25,1865.5,13762.5,17827.5
2020-08-02,2028.0,28.23,2.8445,2197.9,981.25,1747.0,2386.5,1914.75,14355.0,17747.5
2020-08-09,1949.8,26.539,2.907,2140.1,960.8,1728.0,2371.25,1950.75,14387.5,17655.0
2020-08-16,1947.0,27.146,2.957,2178.8,926.3,1763.5,2447.5,1964.25,14757.5,17590.0
2020-08-23,1974.9,28.07,3.0365,2193.0,941.05,1771.5,2514.75,1975.0,15327.5,17822.5
2020-08-30,1934.3,26.994,3.0810000000000004,2323.8,904.9,1749.55,2506.25,1976.25,15322.5,18182.5
2020-09-06,1947.9,27.125999999999998,3.0589999999999997,2337.5,933.05,1747.9,2474.0,1891.5,15110.0,18015.0
2020-09-13,1962.1,27.381999999999998,3.1215,2382.6,932.4,1757.0,2547.25,1912.75,14850.0,18125.0
2020-09-20,1866.3,23.301,2.9785,2230.2,841.6,1715.5,2376.75,1838.75,14387.5,17025.0
2020-09-27,1907.6,24.250999999999998,2.99,2310.4,887.55,1739.75,2313.75,1772.25,14330.0,17860.0
2020-10-04,1926.2,25.398000000000003,3.08,2458.7,897.8,1765.5,2428.0,1817.5,15187.5,18250.0
2020-10-11,1906.4,24.683000000000003,3.072,2338.2,865.65,1837.25,2430.75,1751.0,15675.0,18340.0
2020-10-18,1905.2,24.936,3.1305,2409.6,908.6,1837.5,2549.0,1779.0,15607.5,18412.5
2020-10-25,1879.9,23.9,3.0565,2215.7,847.1,1853.5,2519.75,1810.25,15210.0,17725.0
2020-11-01,1951.7,25.9,3.1635,2493.3,896.8,1904.5,2638.0,1832.75,15340.0,18362.5
2020-11-08,1886.2,24.993000000000002,3.1889999999999996,2325.2,894.1,1901.0,2642.75,1905.25,15942.5,18390.0
2020-11-15,1872.4,24.561,3.3125,2326.3,952.4,1993.25,2799.25,2027.75,16157.5,18732.5
2020-11-22,1781.9,22.711,3.4210000000000003,2420.7,970.95,1961.5,2808.75,2105.75,16422.5,18935.0
2020-11-29,1840.0,24.316,3.5285,2355.0,1070.5,2049.65,2742.75,2033.5,16355.0,18997.5
2020-12-06,1843.6,24.135,3.534,2316.5,1017.25,2024.5,2786.0,2058.25,17330.0,19522.5
2020-12-13,1888.9,26.083000000000002,3.637,2363.5,1043.9,2029.75,2860.5,2031.75,17492.5,20060.0
2020-12-20,1883.2,25.964000000000002,3.5675,2345.5,1032.9,2031.0,2842.5,1988.25,17032.5,20025.0
2020-12-27,1895.1,26.473000000000003,3.5239999999999996,2455.5,1079.5,2003.12,2751.0,1987.25,16587.5,20315.0
2021-01-03,1835.4,24.699,3.68,2378.0,1075.95,2031.25,2799.0,1995.75,17525.0,21047.5
2021-01-10,1829.9,24.919,3.6069999999999998,2391.0,1078.7,2004.75,2684.25,1992.25,18042.5,21122.5
2021-01-17,1856.2,25.603,3.6315,2367.5,1109.65,1987.0,2710.25,2048.0,18200.0,21980.0
2021-01-24,1850.3,26.953000000000003,3.5565,2229.5,1079.8,1977.35,2573.25,2024.5,17675.0,22607.5
2021-01-31,1813.0,27.058000000000003,3.6265,2344.0,1135.7,1987.4,2682.75,2063.0,18100.0,23135.0
2021-02-07,1823.2,27.368000000000002,3.7885,2385.75,1264.5,2075.75,2835.0,2128.25,18610.0,23482.5
2021-02-14,1777.4,27.293000000000003,4.0775,2379.5,1282.95,2101.55,2866.0,2149.75,19650.0,26232.5
2021-02-21,1728.8,26.44,4.0925,2305.0,1192.8,2163.0,2785.0,2068.5,18562.5,25172.5
2021-02-28,1698.5,25.287,4.0755,2324.0,1133.3,2175.0,2772.0,2012.5,16317.5,24295.0
2021-03-07,1719.8,25.910999999999998,4.14,2361.0,1208.5,2141.5,2810.0,1968.5,16002.5,25495.0
2021-03-14,1741.7,26.320999999999998,4.113,2623.0,1196.1,2197.2,2846.0,1977.0,16262.5,25430.0
2021-03-21,1732.3,25.114,4.0680000000000005,2680.0,1191.1,2231.25,2828.75,1948.5,16392.5,25175.0
2021-03-28,1726.5,24.948,3.9905,2669.0,1214.1,2209.25,2770.25,1961.0,16220.0,25245.0
2021-04-04,1743.3,25.325,4.04,2641.5,1208.2,2245.0,2838.0,1974.0,16640.0,25672.5
2021-04-11,1779.0,26.105,4.168,2776.0,1204.6,2278.0,2856.75,2034.25,16162.5,26640.0
2021-04-18,1777.0,26.075,4.336,2856.75,1232.6,2352.75,2851.0,2056.75,16375.0,26805.0
2021-04-25,1773.2,25.873,4.468,2935.0,1203.1,2383.45,2920.5,2143.0,17585.0,28352.5
2021-05-02,1831.95,27.476999999999997,4.7485,2922.0,1257.7,2431.5,3025.25,2227.75,18060.0,29787.5
2021-05-09,1843.85,27.365,4.6545,2889.5,1231.1,2459.52,2940.0,2154.5,17647.5,29512.5
2021-05-16,1881.85,27.486,4.481,2775.0,1170.85,2351.25,2968.75,2195.75,16730.0,29522.5
2021-05-23,1905.3,28.014,4.6775,2832.0,1183.75,2350.05,3072.25,2201.75,18187.5,30950.0
2021-05-30,1892.0,27.896,4.529,2845.0,1167.85,2448.75,3005.75,2136.25,17995.0,30712.5
2021-06-06,1892.75,27.933000000000003,4.5213,2797.0,1154.3,2458.0,3016.5,2190.75,18085.0,31170.0
