Date,Rate
2007-01-02,4.2552
2007-01-03,4.25
2007-01-04,4.2452
2007-01-05,4.2325
2007-01-08,4.25
2007-01-09,4.24
2007-01-10,4.25
2007-01-11,4.2494
2007-01-12,4.25
2007-01-15,4.2297
2007-01-16,4.2436
2007-01-17,4.2347
2007-01-18,4.2231
2007-01-19,4.2358
2007-01-22,4.231
2007-01-23,4.2361
2007-01-24,4.2233
2007-01-25,4.2459
2007-01-26,4.25
2007-01-29,4.2326
2007-01-30,4.25
2007-01-31,4.24
2007-02-01,4.2306
2007-02-02,4.2304
2007-02-05,4.2273
2007-02-06,4.2267
2007-02-07,4.2047
2007-02-08,4.2238
2007-02-09,4.2306
2007-02-12,4.2158
2007-02-13,4.2082
2007-02-14,4.2017
2007-02-15,4.2288
2007-02-16,4.237
2007-02-19,4.2311
2007-02-20,4.236
2007-02-21,4.2364
2007-02-22,4.2419
2007-02-23,4.2569
2007-02-26,4.2596
2007-02-27,4.27
2007-02-28,4.2541
2007-03-01,4.2523
2007-03-02,4.2197
2007-03-05,4.2
2007-03-06,4.1953
2007-03-07,4.1954
2007-03-08,4.2253
2007-03-09,4.2452
2007-03-12,4.243
2007-03-13,4.243
2007-03-14,4.2149
2007-03-15,4.2073
2007-03-16,4.2111
2007-03-19,4.2018
2007-03-20,4.2324
2007-03-21,4.2187
2007-03-22,4.2371
2007-03-23,4.24
2007-03-26,4.2482
2007-03-27,4.25
2007-03-28,4.2502
2007-03-29,4.2533
2007-03-30,4.2637
2007-04-02,4.2639
2007-04-03,4.2522
2007-04-04,4.2503
2007-04-05,4.2777
2007-04-09,4.2647
2007-04-10,4.2582
2007-04-11,4.242
2007-04-12,4.2414
2007-04-13,4.2572
2007-04-16,4.25
2007-04-17,4.2446
2007-04-18,4.2514
2007-04-19,4.2581
2007-04-20,4.2381
2007-04-23,4.253
2007-04-24,4.2569
2007-04-25,4.2488
2007-04-26,4.2622
2007-04-27,4.2459
2007-04-30,4.2876
2007-05-01,4.2573
2007-05-02,4.2498
2007-05-03,4.2457
2007-05-04,4.2467
2007-05-07,4.2339
2007-05-08,4.208
2007-05-09,4.2182
2007-05-10,4.19
2007-05-11,4.2168
2007-05-14,4.2343
2007-05-15,4.2376
2007-05-16,4.2408
2007-05-17,4.2476
2007-05-18,4.2291
2007-05-22,4.2273
2007-05-23,4.2207
2007-05-24,4.2172
2007-05-25,4.2317
2007-05-28,4.2289
2007-05-29,4.2327
2007-05-30,4.2318
2007-05-31,4.2631
2007-06-01,4.2726
2007-06-04,4.2716
2007-06-05,4.2545
2007-06-06,4.2383
2007-06-07,4.2419
2007-06-08,4.2482
2007-06-11,4.2499
2007-06-12,4.246
2007-06-13,4.2381
2007-06-14,4.2337
2007-06-15,4.2488
2007-06-18,4.2493
2007-06-19,4.2417
2007-06-20,4.2542
2007-06-21,4.2529
2007-06-22,4.2686
2007-06-25,4.2548
2007-06-26,4.2477
2007-06-27,4.2729
2007-06-28,4.2635
2007-06-29,4.2892
2007-07-03,4.2622
2007-07-04,4.2562
2007-07-05,4.2539
2007-07-06,4.2898
2007-07-09,4.263
2007-07-10,4.5326
2007-07-11,4.5232
2007-07-12,4.5307
2007-07-13,4.5229
2007-07-16,4.5026
2007-07-17,4.5162
2007-07-18,4.5101
2007-07-19,4.4877
2007-07-20,4.5263
2007-07-23,4.5107
2007-07-24,4.5025
2007-07-25,4.5051
2007-07-26,4.5078
2007-07-27,4.5268
2007-07-30,4.5124
2007-07-31,4.5192
2007-08-01,4.5175
2007-08-02,4.5382
2007-08-03,4.5032
2007-08-07,4.5198
2007-08-08,4.5
2007-08-09,4.5772
2007-08-10,4.5412
2007-08-13,4.5133
2007-08-14,4.4616
2007-08-15,4.4658
2007-08-16,4.4275
2007-08-17,4.3557
2007-08-20,4.428
2007-08-21,4.4397
2007-08-22,4.4079
2007-08-23,4.4285
2007-08-24,4.4289
2007-08-27,4.3848
2007-08-28,4.3415
2007-08-29,4.3899
2007-08-30,4.399
2007-08-31,4.409
2007-09-04,4.4065
2007-09-05,4.4158
2007-09-06,4.433
2007-09-07,4.4185
2007-09-10,4.3983
2007-09-11,4.4234
2007-09-12,4.4029
2007-09-13,4.3939
2007-09-14,4.3587
2007-09-17,4.4672
2007-09-18,4.4433
2007-09-19,4.4495
2007-09-20,4.4824
2007-09-21,4.469
2007-09-24,4.4709
2007-09-25,4.484
2007-09-26,4.4808
2007-09-27,4.5511
2007-09-28,4.5636
2007-10-01,4.5286
2007-10-02,4.5674
2007-10-03,4.5075
2007-10-04,4.5257
2007-10-05,4.5106
2007-10-09,4.5444
2007-10-10,4.5267
2007-10-11,4.5245
2007-10-12,4.5195
2007-10-15,4.5161
2007-10-16,4.5237
2007-10-17,4.4854
2007-10-18,4.4869
2007-10-19,4.4882
2007-10-22,4.5095
2007-10-23,4.5128
2007-10-24,4.5034
2007-10-25,4.52
2007-10-26,4.5
2007-10-29,4.5195
2007-10-30,4.5264
2007-10-31,4.4729
2007-11-01,4.5228
2007-11-02,4.5067
2007-11-05,4.5031
2007-11-06,4.4981
2007-11-07,4.4855
2007-11-08,4.4882
2007-11-09,4.4659
2007-11-13,4.5032
2007-11-14,4.4901
2007-11-15,4.493
2007-11-16,4.4995
2007-11-19,4.5174
2007-11-20,4.534
2007-11-21,4.5346
2007-11-22,4.5118
2007-11-23,4.5164
2007-11-26,4.5311
2007-11-27,4.5192
2007-11-28,4.5078
2007-11-29,4.5259
2007-11-30,4.5525
2007-12-03,4.5433
2007-12-04,4.3422
2007-12-05,4.2645
2007-12-06,4.2611
2007-12-07,4.258
2007-12-10,4.2655
2007-12-11,4.2776
2007-12-12,4.2673
2007-12-13,4.2828
2007-12-14,4.2603
2007-12-17,4.2622
2007-12-18,4.2565
2007-12-19,4.2532
2007-12-20,4.2446
2007-12-21,4.267
2007-12-24,4.2603
2007-12-27,4.3107
2007-12-28,4.2595
2007-12-31,4.2344
2008-01-02,4.2211
2008-01-03,4.2562
2008-01-04,4.2498
2008-01-07,4.2443
2008-01-08,4.2539
2008-01-09,4.2487
2008-01-10,4.2336
2008-01-11,4.2503
2008-01-14,4.2575
2008-01-15,4.2598
2008-01-16,4.2616
2008-01-17,4.2486
2008-01-18,4.2582
2008-01-21,4.2483
2008-01-22,4.0062
2008-01-23,4.0094
2008-01-24,4.0054
2008-01-25,4.0264
2008-01-28,4.0089
2008-01-29,4.0042
2008-01-30,3.9978
2008-01-31,4.01
2008-02-01,4.0062
2008-02-04,4.01
2008-02-05,3.9992
2008-02-06,4.0011
2008-02-07,4.0007
2008-02-08,4.0032
2008-02-11,3.9879
2008-02-12,3.9812
2008-02-13,3.9889
2008-02-14,3.9793
2008-02-15,4.0134
2008-02-19,3.9865
2008-02-20,3.9979
2008-02-21,3.9964
2008-02-22,4.0014
2008-02-25,3.9995
2008-02-26,4.0012
2008-02-27,3.9949
2008-02-28,4.0029
2008-02-29,4.0191
2008-03-03,4.0107
2008-03-04,3.5104
2008-03-05,3.4942
2008-03-06,3.4919
2008-03-07,3.5019
2008-03-10,3.4945
2008-03-11,3.4946
2008-03-12,3.4836
2008-03-13,3.4798
2008-03-14,3.4545
2008-03-17,3.4747
2008-03-18,3.4798
2008-03-19,3.4404
2008-03-20,3.4437
2008-03-24,3.4882
2008-03-25,3.4784
2008-03-26,3.442
2008-03-27,3.4677
2008-03-28,3.4911
2008-03-31,3.5054
2008-04-01,3.5152
2008-04-02,3.5128
2008-04-03,3.5027
2008-04-04,3.4995
2008-04-07,3.4992
2008-04-08,3.4542
2008-04-09,3.4699
2008-04-10,3.4742
2008-04-11,3.4851
2008-04-14,3.4878
2008-04-15,3.4874
2008-04-16,3.4858
2008-04-17,3.4895
2008-04-18,3.4891
2008-04-21,3.4724
2008-04-22,3.0075
2008-04-23,3.0021
2008-04-24,3.0354
2008-04-25,3.0359
2008-04-28,3.0919
2008-04-29,3.0949
2008-04-30,3.0624
2008-05-01,3.0096
2008-05-02,2.9947
2008-05-05,3.0014
2008-05-06,2.9889
2008-05-07,2.9806
2008-05-08,3.0
2008-05-09,3.0016
2008-05-12,3.0038
2008-05-13,2.9781
2008-05-14,2.9899
2008-05-15,3.0295
2008-05-16,3.0378
2008-05-20,3.0053
2008-05-21,2.9863
2008-05-22,3.0004
2008-05-23,3.0135
2008-05-26,3.0101
2008-05-27,2.9946
2008-05-28,2.9975
2008-05-29,2.9823
2008-05-30,3.0063
2008-06-02,3.0078
2008-06-03,3.001
2008-06-04,2.9998
2008-06-05,2.9966
2008-06-06,3.0018
2008-06-09,3.0008
2008-06-10,3.0013
2008-06-11,3.0036
2008-06-12,3.0065
2008-06-13,3.0043
2008-06-16,3.0079
2008-06-17,2.9896
2008-06-18,2.9725
2008-06-19,2.9866
2008-06-20,2.9886
2008-06-23,2.9871
2008-06-24,2.9839
2008-06-25,2.9876
2008-06-26,2.9938
2008-06-27,3.0004
2008-06-30,2.9921
2008-07-02,3.0096
2008-07-03,2.9837
2008-07-04,2.9895
2008-07-07,2.9936
2008-07-08,3.0331
2008-07-09,2.9993
2008-07-10,2.9917
2008-07-11,2.998
2008-07-14,3.0149
2008-07-15,3.0169
2008-07-16,3.001
2008-07-17,2.9962
2008-07-18,3.0011
2008-07-21,3.003
2008-07-22,2.9765
2008-07-23,2.9918
2008-07-24,3.0425
2008-07-25,3.042
2008-07-28,3.0093
2008-07-29,3.0009
2008-07-30,2.9993
2008-07-31,2.9969
2008-08-01,2.9948
2008-08-05,3.0193
2008-08-06,2.997
2008-08-07,3.0138
2008-08-08,3.0031
2008-08-11,3.0108
2008-08-12,3.0019
2008-08-13,3.0003
2008-08-14,3.0048
2008-08-15,3.001
2008-08-18,3.0128
2008-08-19,2.9958
2008-08-20,2.9882
2008-08-21,2.983
2008-08-22,3.0122
2008-08-25,3.0018
2008-08-26,3.0045
2008-08-27,3.0029
2008-08-28,2.9925
2008-08-29,3.0017
2008-09-02,3.0358
2008-09-03,2.9949
2008-09-04,2.9842
2008-09-05,2.9905
2008-09-08,2.9986
2008-09-09,2.997
2008-09-10,3.0093
2008-09-11,3.002
2008-09-12,3.0029
2008-09-15,2.9673
2008-09-16,2.9818
2008-09-17,2.9834
2008-09-18,2.989
2008-09-19,2.9903
2008-09-22,2.9803
2008-09-23,2.98
2008-09-24,2.9737
2008-09-25,2.984
2008-09-26,2.9808
2008-09-29,2.9929
2008-09-30,3.0036
2008-10-01,3.0243
2008-10-02,3.0235
2008-10-03,3.0405
2008-10-06,2.9226
2008-10-07,2.9954
2008-10-08,2.4895
2008-10-09,2.5026
2008-10-10,2.5042
2008-10-14,2.5021
2008-10-15,2.5114
2008-10-16,2.5057
2008-10-17,2.5011
2008-10-20,2.5048
2008-10-21,2.2452
2008-10-22,2.2526
2008-10-23,2.2622
2008-10-24,2.2609
2008-10-27,2.2512
2008-10-28,2.2502
2008-10-29,2.2492
2008-10-30,2.2518
2008-10-31,2.2752
2008-11-03,2.2482
2008-11-04,2.2439
2008-11-05,2.2402
2008-11-06,2.2419
2008-11-07,2.2411
2008-11-10,2.2486
2008-11-12,2.2437
2008-11-13,2.246
2008-11-14,2.2425
2008-11-17,2.237
2008-11-18,2.2302
2008-11-19,2.2413
2008-11-20,2.2437
2008-11-21,2.243
2008-11-24,2.2472
2008-11-25,2.239
2008-11-26,2.2483
2008-11-27,2.2518
2008-11-28,2.2552
2008-12-01,2.251
2008-12-02,2.2467
2008-12-03,2.2489
2008-12-04,2.2474
2008-12-05,2.2373
2008-12-08,2.2371
2008-12-09,1.5312
2008-12-10,1.4866
2008-12-11,1.4976
2008-12-12,1.4942
2008-12-15,1.4972
2008-12-16,1.4917
2008-12-17,1.493
2008-12-18,1.4931
2008-12-19,1.4901
2008-12-22,1.4909
2008-12-23,1.4934
2008-12-24,1.5292
2008-12-29,1.5005
2008-12-30,1.493
2008-12-31,1.4976
2009-01-02,1.492
2009-01-05,1.4907
2009-01-06,1.4862
2009-01-07,1.4902
2009-01-08,1.5029
2009-01-09,1.4943
2009-01-12,1.4899
2009-01-13,1.4878
2009-01-14,1.4912
2009-01-15,1.4997
2009-01-16,1.49
2009-01-19,1.4932
2009-01-20,0.9984
2009-01-21,1.0109
2009-01-22,1.0153
2009-01-23,1.0348
2009-01-26,1.0025
2009-01-27,1.0081
2009-01-28,0.9925
2009-01-29,1.0092
2009-01-30,1.0079
2009-02-02,1.0068
2009-02-03,1.015
2009-02-04,0.991
2009-02-05,1.0031
2009-02-06,1.0001
2009-02-09,0.994
2009-02-10,0.9776
2009-02-11,0.9887
2009-02-12,0.992
2009-02-13,0.9891
2009-02-17,0.9936
2009-02-18,0.9949
2009-02-19,0.9994
2009-02-20,0.9987
2009-02-23,0.9989
2009-02-24,0.9986
2009-02-25,0.9963
2009-02-26,1.0007
2009-02-27,1.0117
2009-03-02,1.0046
2009-03-03,0.4982
2009-03-04,0.4977
2009-03-05,0.4917
2009-03-06,0.4897
2009-03-09,0.4949
2009-03-10,0.4897
2009-03-11,0.479
2009-03-12,0.48
2009-03-13,0.4883
2009-03-16,0.4928
2009-03-17,0.4837
2009-03-18,0.4738
2009-03-19,0.5008
2009-03-20,0.4469
2009-03-23,0.4823
2009-03-24,0.4824
2009-03-25,0.48
2009-03-26,0.4859
2009-03-27,0.4921
2009-03-30,0.4921
2009-03-31,0.499
2009-04-01,0.5082
2009-04-02,0.4996
2009-04-03,0.4866
2009-04-06,0.4817
2009-04-07,0.4746
2009-04-08,0.4791
2009-04-09,0.4818
2009-04-13,0.4918
2009-04-14,0.4868
2009-04-15,0.492
2009-04-16,0.517
2009-04-17,0.4863
2009-04-20,0.4933
2009-04-21,0.2518
2009-04-22,0.2435
2009-04-23,0.2476
2009-04-24,0.2527
2009-04-27,0.2474
2009-04-28,0.25
2009-04-29,0.2387
2009-04-30,0.2485
2009-05-01,0.2404
2009-05-04,0.2377
2009-05-05,0.2298
2009-05-06,0.2413
2009-05-07,0.236
2009-05-08,0.2249
2009-05-11,0.2148
2009-05-12,0.2024
2009-05-13,0.2293
2009-05-14,0.2385
2009-05-15,0.237
2009-05-19,0.2388
2009-05-20,0.2342
2009-05-21,0.2334
2009-05-22,0.2424
2009-05-25,0.2404
2009-05-26,0.2419
2009-05-27,0.2365
2009-05-28,0.2419
2009-05-29,0.2488
2009-06-01,0.2577
2009-06-02,0.254
2009-06-03,0.2459
2009-06-04,0.2429
2009-06-05,0.2392
2009-06-08,0.2433
2009-06-09,0.2458
2009-06-10,0.2488
2009-06-11,0.2467
2009-06-12,0.2413
2009-06-15,0.2466
2009-06-16,0.2357
2009-06-17,0.23
2009-06-18,0.2357
2009-06-19,0.2408
2009-06-22,0.2372
2009-06-23,0.2384
2009-06-24,0.2378
2009-06-25,0.2395
2009-06-26,0.2404
2009-06-29,0.2203
2009-06-30,0.2422
2009-07-02,0.2504
2009-07-03,0.2417
2009-07-06,0.2435
2009-07-07,0.2434
2009-07-08,0.2396
2009-07-09,0.2423
2009-07-10,0.2261
2009-07-13,0.2258
2009-07-14,0.2303
2009-07-15,0.2322
2009-07-16,0.2335
2009-07-17,0.232
2009-07-20,0.2329
2009-07-21,0.2322
2009-07-22,0.2325
2009-07-23,0.23
2009-07-24,0.2354
2009-07-27,0.2392
2009-07-28,0.2376
2009-07-29,0.2422
2009-07-30,0.2376
2009-07-31,0.25
2009-08-04,0.238
2009-08-05,0.232
2009-08-06,0.2368
2009-08-07,0.2325
2009-08-10,0.2354
2009-08-11,0.234
2009-08-12,0.23
2009-08-13,0.229
2009-08-14,0.2168
2009-08-17,0.2362
2009-08-18,0.2321
2009-08-19,0.2451
2009-08-20,0.238
2009-08-21,0.2309
2009-08-24,0.23
2009-08-25,0.2386
2009-08-26,0.2354
2009-08-27,0.2363
2009-08-28,0.2342
2009-08-31,0.2365
2009-09-01,0.243
2009-09-02,0.2366
2009-09-03,0.2389
2009-09-04,0.2365
2009-09-08,0.2385
2009-09-09,0.234
2009-09-10,0.236
2009-09-11,0.2442
2009-09-14,0.2335
2009-09-15,0.2355
2009-09-16,0.2348
2009-09-17,0.2393
2009-09-18,0.2376
2009-09-21,0.2374
2009-09-22,0.24
2009-09-23,0.2386
2009-09-24,0.2373
2009-09-25,0.2425
2009-09-28,0.2412
2009-09-29,0.2381
2009-09-30,0.237
2009-10-01,0.2434
2009-10-02,0.24
2009-10-05,0.2394
2009-10-06,0.2395
2009-10-07,0.2353
2009-10-08,0.2365
2009-10-09,0.2399
2009-10-13,0.242
2009-10-14,0.2351
2009-10-15,0.2414
2009-10-16,0.2362
2009-10-19,0.2383
2009-10-20,0.2383
2009-10-21,0.2393
2009-10-22,0.2412
2009-10-23,0.2268
2009-10-26,0.2341
2009-10-27,0.2383
2009-10-28,0.2387
2009-10-29,0.2411
2009-10-30,0.24
2009-11-02,0.2358
2009-11-03,0.24
2009-11-04,0.2423
2009-11-05,0.2338
2009-11-06,0.2462
2009-11-09,0.2388
2009-11-10,0.2395
2009-11-12,0.2429
2009-11-13,0.2476
2009-11-16,0.2461
2009-11-17,0.24
2009-11-18,0.2394
2009-11-19,0.2439
2009-11-20,0.2476
2009-11-23,0.2433
2009-11-24,0.2395
2009-11-25,0.2389
2009-11-26,0.2407
2009-11-27,0.2501
2009-11-30,0.265
2009-12-01,0.2672
2009-12-02,0.2533
2009-12-03,0.2478
2009-12-04,0.2545
2009-12-07,0.2435
2009-12-08,0.2386
2009-12-09,0.2421
2009-12-10,0.2604
2009-12-11,0.2581
2009-12-14,0.2538
2009-12-15,0.2471
2009-12-16,0.249
2009-12-17,0.2473
2009-12-18,0.2564
2009-12-21,0.2418
2009-12-22,0.2426
2009-12-23,0.2476
2009-12-24,0.2444
2009-12-29,0.2505
2009-12-30,0.2541
2009-12-31,0.2577
2010-01-04,0.2501
2010-01-05,0.2437
2010-01-06,0.2486
2010-01-07,0.2481
2010-01-08,0.2381
2010-01-11,0.2411
2010-01-12,0.2266
2010-01-13,0.2415
2010-01-14,0.2471
2010-01-15,0.2365
2010-01-18,0.2321
2010-01-19,0.2433
2010-01-20,0.244
2010-01-21,0.25
2010-01-22,0.2452
2010-01-25,0.2388
2010-01-26,0.2441
2010-01-27,0.2435
2010-01-28,0.2469
2010-01-29,0.2363
2010-02-01,0.2375
2010-02-02,0.25
2010-02-03,0.239
2010-02-04,0.2489
2010-02-05,0.2449
2010-02-08,0.2459
2010-02-09,0.2488
2010-02-10,0.2479
2010-02-11,0.2424
2010-02-12,0.2456
2010-02-16,0.2491
2010-02-17,0.2477
2010-02-18,0.2455
2010-02-19,0.2487
2010-02-22,0.2534
2010-02-23,0.2482
2010-02-24,0.25
2010-02-25,0.2498
2010-02-26,0.2536
2010-03-01,0.2556
2010-03-02,0.2392
2010-03-03,0.2258
2010-03-04,0.2531
2010-03-05,0.2387
2010-03-08,0.242
2010-03-09,0.2385
2010-03-10,0.2396
2010-03-11,0.2374
2010-03-12,0.2429
2010-03-15,0.2382
2010-03-16,0.2345
2010-03-17,0.229
2010-03-18,0.2403
2010-03-19,0.2321
2010-03-22,0.2452
2010-03-23,0.2419
2010-03-24,0.2377
2010-03-25,0.24
2010-03-26,0.2325
2010-03-29,0.2375
2010-03-30,0.25
2010-03-31,0.236
2010-04-01,0.2526
2010-04-05,0.2457
2010-04-06,0.2431
2010-04-07,0.25
2010-04-08,0.2421
2010-04-09,0.2381
2010-04-12,0.2494
2010-04-13,0.2498
2010-04-14,0.2485
2010-04-15,0.2677
2010-04-16,0.2411
2010-04-19,0.2421
2010-04-20,0.2506
2010-04-21,0.2486
2010-04-22,0.2489
2010-04-23,0.2471
2010-04-26,0.2502
2010-04-27,0.2482
2010-04-28,0.2438
2010-04-29,0.2477
2010-04-30,0.2496
2010-05-03,0.2589
2010-05-04,0.2557
2010-05-05,0.2472
2010-05-06,0.2495
2010-05-07,0.2467
2010-05-10,0.2514
2010-05-11,0.2445
2010-05-12,0.2369
2010-05-13,0.2412
2010-05-14,0.2406
2010-05-17,0.241
2010-05-18,0.2446
2010-05-19,0.2495
2010-05-20,0.2371
2010-05-21,0.2395
2010-05-25,0.2418
2010-05-26,0.2407
2010-05-27,0.248
2010-05-28,0.2473
2010-05-31,0.2416
2010-06-01,0.4813
2010-06-02,0.5053
2010-06-03,0.4863
2010-06-04,0.4833
2010-06-07,0.49
2010-06-08,0.4691
2010-06-09,0.4893
2010-06-10,0.501
2010-06-11,0.4877
2010-06-14,0.4941
2010-06-15,0.4813
2010-06-16,0.4832
2010-06-17,0.4807
2010-06-18,0.4862
2010-06-21,0.484
2010-06-22,0.484
2010-06-23,0.4949
2010-06-24,0.4846
2010-06-25,0.4914
2010-06-28,0.4971
2010-06-29,0.4904
2010-06-30,0.4801
2010-07-02,0.4919
2010-07-05,0.4805
2010-07-06,0.4919
2010-07-07,0.4865
2010-07-08,0.4938
2010-07-09,0.4914
2010-07-12,0.4893
2010-07-13,0.4847
2010-07-14,0.4979
2010-07-15,0.4927
2010-07-16,0.4983
2010-07-19,0.5
2010-07-20,0.7509
2010-07-21,0.74
2010-07-22,0.7486
2010-07-23,0.7444
2010-07-26,0.7526
2010-07-27,0.7561
2010-07-28,0.7431
2010-07-29,0.7471
2010-07-30,0.7423
2010-08-03,0.7427
2010-08-04,0.7409
2010-08-05,0.7498
2010-08-06,0.7579
2010-08-09,0.7529
2010-08-10,0.7495
2010-08-11,0.7502
2010-08-12,0.7589
2010-08-13,0.7589
2010-08-16,0.757
2010-08-17,0.75
2010-08-18,0.7533
2010-08-19,0.7543
2010-08-20,0.7532
2010-08-23,0.7508
2010-08-24,0.75
2010-08-25,0.7538
2010-08-26,0.7569
2010-08-27,0.7535
2010-08-30,0.7529
2010-08-31,0.7545
2010-09-01,0.7671
2010-09-02,0.762
2010-09-03,0.753
2010-09-07,0.7605
2010-09-08,1.0017
2010-09-09,0.9943
2010-09-10,0.998
2010-09-13,1.0
2010-09-14,0.9999
2010-09-15,0.9921
2010-09-16,0.9983
2010-09-17,0.9919
2010-09-20,1.0005
2010-09-21,0.9987
2010-09-22,1.0
2010-09-23,0.9972
2010-09-24,0.9999
2010-09-27,1.0
2010-09-28,0.9842
2010-09-29,0.9992
2010-09-30,0.9929
2010-10-01,1.0013
2010-10-04,1.0027
2010-10-05,1.0006
2010-10-06,0.9978
2010-10-07,0.9959
2010-10-08,0.997
2010-10-12,1.0
2010-10-13,0.9974
2010-10-14,1.0
2010-10-15,1.0004
2010-10-18,1.0
2010-10-19,0.997
2010-10-20,1.0009
2010-10-21,0.9975
2010-10-22,1.0011
2010-10-25,0.9991
2010-10-26,0.9974
2010-10-27,1.0
2010-10-28,0.9998
2010-10-29,0.9983
2010-11-01,0.9949
2010-11-02,1.0224
2010-11-03,0.9942
2010-11-04,0.995
2010-11-05,0.9799
2010-11-08,0.9921
2010-11-09,0.9904
2010-11-10,1.0
2010-11-12,1.003
2010-11-15,1.0148
2010-11-16,1.0049
2010-11-17,1.0033
2010-11-18,0.9999
2010-11-19,1.003
2010-11-22,1.0
2010-11-23,1.0
2010-11-24,0.9997
2010-11-25,1.0
2010-11-26,0.9979
2010-11-29,1.0096
2010-11-30,0.9967
2010-12-01,1.0235
2010-12-02,1.0266
2010-12-03,0.9971
2010-12-06,1.01
2010-12-07,0.9862
2010-12-08,0.9819
2010-12-09,0.9887
2010-12-10,0.9857
2010-12-13,0.98
2010-12-14,0.9931
2010-12-15,0.998
2010-12-16,0.9843
2010-12-17,0.9865
2010-12-20,0.9938
2010-12-21,0.9906
2010-12-22,0.9888
2010-12-23,0.9898
2010-12-24,0.9832
2010-12-29,0.9882
2010-12-30,0.9872
2010-12-31,0.9702
2011-01-04,0.9886
2011-01-05,0.9864
2011-01-06,0.98
2011-01-07,0.9863
2011-01-10,0.9795
2011-01-11,0.9823
2011-01-12,0.9838
2011-01-13,0.9852
2011-01-14,0.9856
2011-01-17,0.9848
2011-01-18,0.9839
2011-01-19,0.9858
2011-01-20,0.9975
2011-01-21,0.9887
2011-01-24,0.9883
2011-01-25,0.9885
2011-01-26,0.9836
2011-01-27,0.9795
2011-01-28,0.9877
2011-01-31,0.9784
2011-02-01,0.9866
2011-02-02,0.984
2011-02-03,0.9877
2011-02-04,0.993
2011-02-07,0.9834
2011-02-08,0.9927
2011-02-09,0.99
2011-02-10,0.99
2011-02-11,0.9862
2011-02-14,0.9794
2011-02-15,0.9874
2011-02-16,0.9821
2011-02-17,0.98
2011-02-18,0.9873
2011-02-22,0.9851
2011-02-23,0.9825
2011-02-24,0.9829
2011-02-25,0.9869
2011-02-28,0.9893
2011-03-01,0.9911
2011-03-02,0.99
2011-03-03,0.9921
2011-03-04,0.9819
2011-03-07,0.9935
2011-03-08,0.9896
2011-03-09,0.9837
2011-03-10,0.9861
2011-03-11,0.9863
2011-03-14,0.9853
2011-03-15,0.9864
2011-03-16,0.9875
2011-03-17,0.9899
2011-03-18,0.9934
2011-03-21,0.999
2011-03-22,0.9981
2011-03-23,1.0
2011-03-24,0.9909
2011-03-25,0.9911
2011-03-28,0.9919
2011-03-29,0.9863
2011-03-30,0.9901
2011-03-31,0.9888
2011-04-01,0.9899
2011-04-04,0.9993
2011-04-05,0.997
2011-04-06,0.9944
2011-04-07,0.9868
2011-04-08,0.9908
2011-04-11,0.9992
2011-04-12,0.9944
2011-04-13,0.9979
2011-04-14,0.9979
2011-04-15,0.9955
2011-04-18,0.9981
2011-04-19,0.9955
2011-04-20,0.9945
2011-04-21,0.9971
2011-04-25,0.9953
2011-04-26,0.9944
2011-04-27,0.9949
2011-04-28,1.0008
2011-04-29,1.0015
2011-05-02,1.006
2011-05-03,1.0072
2011-05-04,0.9891
2011-05-05,1.008
2011-05-06,0.9955
2011-05-09,0.9948
2011-05-10,0.9983
2011-05-11,0.9865
2011-05-12,0.9896
2011-05-13,0.9613
2011-05-16,0.9899
2011-05-17,0.9978
2011-05-18,0.996
2011-05-19,0.9972
2011-05-20,0.9959
2011-05-24,0.9925
2011-05-25,0.99
2011-05-26,0.9953
2011-05-27,0.9978
2011-05-30,0.9941
2011-05-31,1.0018
2011-06-01,0.9972
2011-06-02,0.9946
2011-06-03,0.9918
2011-06-06,0.9902
2011-06-07,0.9977
2011-06-08,0.9992
2011-06-09,1.0004
2011-06-10,1.0031
2011-06-13,1.0019
2011-06-14,0.9991
2011-06-15,0.9981
2011-06-16,1.0
2011-06-17,1.0012
2011-06-20,0.997
2011-06-21,0.989
2011-06-22,1.0018
2011-06-23,1.001
2011-06-24,1.0
2011-06-27,0.9975
2011-06-28,0.999
2011-06-29,0.993
2011-06-30,1.0005
2011-07-04,1.0075
2011-07-05,1.002
2011-07-06,0.9976
2011-07-07,1.0
2011-07-08,1.0039
2011-07-11,1.0
2011-07-12,1.0045
2011-07-13,1.0031
2011-07-14,1.0
2011-07-15,0.9996
2011-07-18,0.98
2011-07-19,0.9902
2011-07-20,1.0052
2011-07-21,1.0084
2011-07-22,0.9819
2011-07-25,0.9977
2011-07-26,0.9998
2011-07-27,0.9979
2011-07-28,0.9839
2011-07-29,1.0004
2011-08-02,1.0186
2011-08-03,0.9903
2011-08-04,0.9965
2011-08-05,0.9821
2011-08-08,0.9977
2011-08-09,0.9991
2011-08-10,1.0223
2011-08-11,1.0091
2011-08-12,1.0082
2011-08-15,1.0116
2011-08-16,1.0
2011-08-17,1.0073
2011-08-18,1.02
2011-08-19,1.0195
2011-08-22,1.0
2011-08-23,0.9996
2011-08-24,1.0
2011-08-25,1.013
2011-08-26,0.9994
2011-08-29,0.9976
2011-08-30,0.9973
2011-08-31,0.9986
2011-09-01,1.0115
2011-09-02,0.988
2011-09-06,1.0063
2011-09-07,0.993
2011-09-08,0.9848
2011-09-09,0.992
2011-09-12,1.0015
2011-09-13,0.9985
2011-09-14,0.9937
2011-09-15,0.9957
2011-09-16,0.996
2011-09-19,0.9919
2011-09-20,0.9972
2011-09-21,0.9933
2011-09-22,1.0031
2011-09-23,1.0055
2011-09-26,1.002
2011-09-27,1.0
2011-09-28,1.0012
2011-09-29,1.0037
2011-09-30,0.9938
2011-10-03,1.0003
2011-10-04,0.9924
2011-10-05,1.0223
2011-10-06,0.9902
2011-10-07,1.0017
2011-10-11,0.9995
2011-10-12,1.0
2011-10-13,1.0062
2011-10-14,1.0207
2011-10-17,1.003
2011-10-18,1.0087
2011-10-19,1.0079
2011-10-20,0.9972
2011-10-21,0.9988
2011-10-24,0.9962
2011-10-25,1.0117
2011-10-26,1.0098
2011-10-27,1.0296
2011-10-28,1.0167
2011-10-31,1.0
2011-11-01,1.012
2011-11-02,1.0096
2011-11-03,1.0031
2011-11-04,0.9987
2011-11-07,1.0017
2011-11-08,1.0
2011-11-09,0.9959
2011-11-10,1.0036
2011-11-14,1.0092
2011-11-15,1.0079
2011-11-16,1.0032
2011-11-17,1.0149
2011-11-18,1.0032
2011-11-21,1.005
2011-11-22,1.0011
2011-11-23,0.9947
2011-11-24,1.0011
2011-11-25,1.0021
2011-11-28,0.9975
2011-11-29,0.9991
2011-11-30,0.9978
2011-12-01,1.0069
2011-12-02,1.0086
2011-12-05,1.0138
2011-12-06,1.009
2011-12-07,0.999
2011-12-08,0.9982
2011-12-09,1.0
2011-12-12,1.0056
2011-12-13,1.0021
2011-12-14,1.0032
2011-12-15,1.0036
2011-12-16,1.0018
2011-12-19,1.0136
2011-12-20,1.0165
2011-12-21,1.0159
2011-12-22,1.012
2011-12-23,0.9986
2011-12-28,1.0054
2011-12-29,0.9769
2011-12-30,0.9875
2012-01-03,1.0033
2012-01-04,1.0013
2012-01-05,1.0
2012-01-06,1.004
2012-01-09,1.0037
2012-01-10,1.0016
2012-01-11,1.0045
2012-01-12,1.0034
2012-01-13,1.0051
2012-01-16,1.0058
2012-01-17,1.0062
2012-01-18,1.0072
2012-01-19,1.0013
2012-01-20,0.9994
2012-01-23,0.9981
2012-01-24,0.9945
2012-01-25,0.997
2012-01-26,0.988
2012-01-27,0.9894
2012-01-30,0.9938
2012-01-31,0.9807
2012-02-01,0.9781
2012-02-02,0.9856
2012-02-03,0.9885
2012-02-06,0.9945
2012-02-07,0.9885
2012-02-08,0.9914
2012-02-09,0.9959
2012-02-10,1.001
2012-02-13,1.0067
2012-02-14,0.9967
2012-02-15,1.0011
2012-02-16,1.01
2012-02-17,1.0245
2012-02-21,1.0022
2012-02-22,0.9991
2012-02-23,0.9967
2012-02-24,0.9924
2012-02-27,0.99
2012-02-28,0.9973
2012-02-29,0.9908
2012-03-01,1.0
2012-03-02,1.0112
2012-03-05,0.9952
2012-03-06,0.9997
2012-03-07,0.9895
2012-03-08,1.0221
2012-03-09,1.007
2012-03-12,1.0036
2012-03-13,1.0005
2012-03-14,1.0097
2012-03-15,1.0069
2012-03-16,0.9974
2012-03-19,0.9961
2012-03-20,0.9999
2012-03-21,0.9981
2012-03-22,1.0
2012-03-23,0.9966
2012-03-26,1.0
2012-03-27,0.9977
2012-03-28,0.9999
2012-03-29,1.0267
2012-03-30,1.033
2012-04-02,1.0336
2012-04-03,1.0351
2012-04-04,1.0171
2012-04-05,1.0018
2012-04-09,1.0169
2012-04-10,1.0152
2012-04-11,1.0043
2012-04-12,1.0119
2012-04-13,1.0508
2012-04-16,1.0405
2012-04-17,1.0326
2012-04-18,1.0258
2012-04-19,1.0257
2012-04-20,1.0365
2012-04-23,1.025
2012-04-24,0.9912
2012-04-25,0.9945
2012-04-26,1.0115
2012-04-27,1.0127
2012-04-30,1.0597
2012-05-01,1.0179
2012-05-02,1.0152
2012-05-03,1.0062
2012-05-04,1.0001
2012-05-07,1.0146
2012-05-08,1.0026
2012-05-09,0.998
2012-05-10,0.9938
2012-05-11,0.998
2012-05-14,0.9978
2012-05-15,1.0006
2012-05-16,1.0002
2012-05-17,0.9987
2012-05-18,0.9998
2012-05-22,1.0093
2012-05-23,1.004
2012-05-24,1.0067
2012-05-25,1.0105
2012-05-28,1.0126
2012-05-29,1.0258
2012-05-30,1.0115
2012-05-31,1.0062
2012-06-01,1.037
2012-06-04,1.0126
2012-06-05,1.0266
2012-06-06,1.023
2012-06-07,1.0096
2012-06-08,1.0088
2012-06-11,0.9994
2012-06-12,1.001
2012-06-13,1.0059
2012-06-14,1.0036
2012-06-15,1.028
2012-06-18,1.0073
2012-06-19,0.9982
2012-06-20,1.0014
2012-06-21,1.0015
2012-06-22,0.9896
2012-06-25,0.9972
2012-06-26,0.9981
2012-06-27,0.9955
2012-06-28,0.9892
2012-06-29,0.9945
2012-07-03,1.0058
2012-07-04,1.0045
2012-07-05,1.0068
2012-07-06,1.0043
2012-07-09,0.9985
2012-07-10,0.9628
2012-07-11,0.993
2012-07-12,1.0012
2012-07-13,0.9979
2012-07-16,1.006
2012-07-17,1.0089
2012-07-18,1.0
2012-07-19,0.9952
2012-07-20,0.9969
2012-07-23,0.983
2012-07-24,0.9975
2012-07-25,0.9991
2012-07-26,0.9978
2012-07-27,0.9967
2012-07-30,0.9969
2012-07-31,0.9879
2012-08-01,1.0067
2012-08-02,1.0095
2012-08-03,1.0166
2012-08-07,1.0156
2012-08-08,1.0166
2012-08-09,1.014
2012-08-10,1.0239
2012-08-13,1.0146
2012-08-14,1.0049
2012-08-15,1.0176
2012-08-16,1.0267
2012-08-17,1.0094
2012-08-20,1.0054
2012-08-21,1.0069
2012-08-22,1.0145
2012-08-23,1.0043
2012-08-24,1.0235
2012-08-27,1.0135
2012-08-28,1.0042
2012-08-29,1.009
2012-08-30,1.0347
2012-08-31,1.0234
2012-09-04,1.0199
2012-09-05,1.0217
2012-09-06,1.0135
2012-09-07,1.018
2012-09-10,1.0085
2012-09-11,0.9998
2012-09-12,0.9905
2012-09-13,0.9952
2012-09-14,1.0027
2012-09-17,0.9585
2012-09-18,0.9891
2012-09-19,0.9895
2012-09-20,0.9994
2012-09-21,1.0024
2012-09-24,0.9962
2012-09-25,0.9983
2012-09-26,1.01
2012-09-27,0.997
2012-09-28,0.9977
2012-10-01,1.0087
2012-10-02,1.0075
2012-10-03,0.9983
2012-10-04,0.9945
2012-10-05,1.0081
2012-10-09,1.0093
2012-10-10,1.0163
2012-10-11,1.0097
2012-10-12,1.009
2012-10-15,1.0167
2012-10-16,1.015
2012-10-17,1.012
2012-10-18,1.0098
2012-10-19,1.0096
2012-10-22,1.0109
2012-10-23,1.0032
2012-10-24,1.0169
2012-10-25,1.0168
2012-10-26,1.0337
2012-10-29,1.0644
2012-10-30,0.9528
2012-10-31,1.0153
2012-11-01,1.0269
2012-11-02,1.0058
2012-11-05,1.0072
2012-11-06,1.0051
2012-11-07,0.9877
2012-11-08,1.0081
2012-11-09,1.0121
2012-11-13,1.046
2012-11-14,1.0171
2012-11-15,0.9962
2012-11-16,1.0062
2012-11-19,1.0092
2012-11-20,1.0136
2012-11-21,0.9925
2012-11-22,1.0068
2012-11-23,0.9981
2012-11-26,1.0017
2012-11-27,1.0
2012-11-28,1.0089
2012-11-29,1.0062
2012-11-30,1.0066
2012-12-03,1.1084
2012-12-04,1.0293
2012-12-05,1.0046
2012-12-06,1.001
2012-12-07,1.0176
2012-12-10,1.0205
2012-12-11,1.0127
2012-12-12,0.9893
2012-12-13,1.0013
2012-12-14,1.0051
2012-12-17,0.9974
2012-12-18,0.9985
2012-12-19,1.0049
2012-12-20,1.0037
2012-12-21,1.0059
2012-12-24,0.9791
2012-12-27,0.989
2012-12-28,0.9767
2012-12-31,0.9861
2013-01-02,0.9997
2013-01-03,1.0071
2013-01-04,1.0024
2013-01-07,0.9995
2013-01-08,1.0
2013-01-09,0.9992
2013-01-10,0.998
2013-01-11,0.9874
2013-01-14,1.0321
2013-01-15,1.0402
2013-01-16,1.0133
2013-01-17,1.0112
2013-01-18,1.0179
2013-01-21,1.0093
2013-01-22,1.0127
2013-01-23,1.0201
2013-01-24,1.0196
2013-01-25,1.0307
2013-01-28,1.0203
2013-01-29,1.0334
2013-01-30,1.0316
2013-01-31,1.023
2013-02-01,1.019
2013-02-04,1.0219
2013-02-05,1.0156
2013-02-06,1.0158
2013-02-07,1.0081
2013-02-08,1.0006
2013-02-11,1.0292
2013-02-12,1.0128
2013-02-13,1.0148
2013-02-14,0.9984
2013-02-15,1.0174
2013-02-19,1.0221
2013-02-20,1.0149
2013-02-21,1.0155
2013-02-22,1.0309
2013-02-25,1.0186
2013-02-26,1.0106
2013-02-27,1.0181
2013-02-28,1.0183
2013-03-01,1.0244
2013-03-04,1.0274
2013-03-05,1.0185
2013-03-06,1.007
2013-03-07,1.0089
2013-03-08,1.004
2013-03-11,1.0079
2013-03-12,1.0095
2013-03-13,1.0077
2013-03-14,1.0132
2013-03-15,1.0107
2013-03-18,1.0124
2013-03-19,1.0242
2013-03-20,1.0238
2013-03-21,1.0242
2013-03-22,1.023
2013-03-25,1.0319
2013-03-26,1.0221
2013-03-27,1.0178
2013-03-28,1.0372
2013-04-01,1.0188
2013-04-02,1.0348
2013-04-03,1.0211
2013-04-04,1.0156
2013-04-05,1.0145
2013-04-08,1.0164
2013-04-09,1.0161
2013-04-10,1.0152
2013-04-11,1.0139
2013-04-12,1.0254
2013-04-15,1.02
2013-04-16,1.016
2013-04-17,1.0202
2013-04-18,1.025
2013-04-19,1.0215
2013-04-22,1.0076
2013-04-23,1.0126
2013-04-24,1.014
2013-04-25,1.0138
2013-04-26,1.0077
2013-04-29,1.0103
2013-04-30,1.0114
2013-05-01,1.0134
2013-05-02,1.0169
2013-05-03,1.0165
2013-05-06,1.012
2013-05-07,1.0233
2013-05-08,1.0183
2013-05-09,1.0185
2013-05-10,1.0177
2013-05-13,1.0102
2013-05-14,1.01
2013-05-15,1.0139
2013-05-16,1.0126
2013-05-17,1.0112
2013-05-21,1.0107
2013-05-22,1.0163
2013-05-23,1.0234
2013-05-24,1.0206
2013-05-27,1.0109
2013-05-28,1.0219
2013-05-29,1.0161
2013-05-30,1.0164
2013-05-31,1.0185
2013-06-03,1.0323
2013-06-04,1.0283
2013-06-05,1.0253
2013-06-06,1.0212
2013-06-07,1.0279
2013-06-10,1.0229
2013-06-11,1.0165
2013-06-12,1.0184
2013-06-13,1.0159
2013-06-14,1.0187
2013-06-17,1.0301
2013-06-18,1.0217
2013-06-19,1.0159
2013-06-20,1.0199
2013-06-21,1.0216
2013-06-24,1.012
2013-06-25,1.0117
2013-06-26,1.0244
2013-06-27,1.0341
2013-06-28,1.0262
2013-07-02,1.0546
2013-07-03,1.0604
2013-07-04,1.0424
2013-07-05,1.0265
2013-07-08,1.018
2013-07-09,1.0087
2013-07-10,1.0095
2013-07-11,1.0172
2013-07-12,0.9991
2013-07-15,1.0207
2013-07-16,1.0181
2013-07-17,1.0075
2013-07-18,1.0267
2013-07-19,1.0175
2013-07-22,1.0049
2013-07-23,0.9947
2013-07-24,0.9842
2013-07-25,0.999
2013-07-26,0.9987
2013-07-29,0.9863
2013-07-30,0.9944
2013-07-31,0.952
2013-08-01,1.0232
2013-08-02,1.015
2013-08-06,1.0085
2013-08-07,0.9961
2013-08-08,0.9877
2013-08-09,0.9751
2013-08-12,0.992
2013-08-13,0.9596
2013-08-14,0.9903
2013-08-15,0.9921
2013-08-16,0.9967
2013-08-19,0.9835
2013-08-20,0.9866
2013-08-21,0.9898
2013-08-22,0.9861
2013-08-23,0.9951
2013-08-26,0.9907
2013-08-27,0.9898
2013-08-28,0.9785
2013-08-29,0.9985
2013-08-30,0.9835
2013-09-03,1.0173
2013-09-04,1.011
2013-09-05,1.001
2013-09-06,0.9967
2013-09-09,0.986
2013-09-10,0.9763
2013-09-11,0.9662
2013-09-12,1.0225
2013-09-13,0.9978
2013-09-16,0.9962
2013-09-17,0.9981
2013-09-18,0.9642
2013-09-19,0.9625
2013-09-20,0.9693
2013-09-23,0.9652
2013-09-24,0.9934
2013-09-25,1.0
2013-09-26,1.0192
2013-09-27,1.0116
2013-09-30,1.004
2013-10-01,1.0016
2013-10-02,0.9908
2013-10-03,0.9747
2013-10-04,0.99
2013-10-07,0.999
2013-10-08,0.9893
2013-10-09,0.9842
2013-10-10,0.9997
2013-10-11,0.9939
2013-10-15,0.9895
2013-10-16,1.0091
2013-10-17,1.0047
2013-10-18,1.0046
2013-10-21,0.9888
2013-10-22,0.994
2013-10-23,0.9941
2013-10-24,0.9982
2013-10-25,1.0025
2013-10-28,1.0022
2013-10-29,1.0013
2013-10-30,1.0154
2013-10-31,1.0099
2013-11-01,1.0192
2013-11-04,1.0024
2013-11-05,0.9997
2013-11-06,1.0
2013-11-07,1.0008
2013-11-08,1.0108
2013-11-12,1.0111
2013-11-13,1.01
2013-11-14,1.0037
2013-11-15,1.0227
2013-11-18,1.0166
2013-11-19,0.9985
2013-11-20,1.0142
2013-11-21,1.016
2013-11-22,1.0119
2013-11-25,1.0131
2013-11-26,1.0111
2013-11-27,1.004
2013-11-28,0.9998
2013-11-29,1.0099
2013-12-02,1.0304
2013-12-03,1.0165
2013-12-04,1.0161
2013-12-05,1.0129
2013-12-06,1.0052
2013-12-09,1.0136
2013-12-10,1.0135
2013-12-11,0.9859
2013-12-12,0.9965
2013-12-13,1.0122
2013-12-16,1.0159
2013-12-17,1.0246
2013-12-18,1.005
2013-12-19,1.0245
2013-12-20,1.0163
2013-12-23,1.011
2013-12-24,1.0071
2013-12-27,0.9915
2013-12-30,0.9995
2013-12-31,0.9743
2014-01-02,1.0138
2014-01-03,1.0258
2014-01-06,1.0157
2014-01-07,1.0019
2014-01-08,1.0015
2014-01-09,1.0051
2014-01-10,0.9997
2014-01-13,1.0093
2014-01-14,0.9968
2014-01-15,0.9995
2014-01-16,1.0083
2014-01-17,0.9984
2014-01-20,1.0003
2014-01-21,0.9969
2014-01-22,0.9959
2014-01-23,0.997
2014-01-24,0.9996
2014-01-27,1.0095
2014-01-28,1.0071
2014-01-29,1.0071
2014-01-30,1.0
2014-01-31,1.0031
2014-02-03,1.028
2014-02-04,1.0223
2014-02-05,1.0026
2014-02-06,1.002
2014-02-07,1.0024
2014-02-10,1.002
2014-02-11,0.9992
2014-02-12,0.9954
2014-02-13,0.9951
2014-02-14,0.9776
2014-02-18,0.9966
2014-02-19,0.9853
2014-02-20,0.9721
2014-02-21,0.963
2014-02-24,0.9751
2014-02-25,0.9691
2014-02-26,0.9864
2014-02-27,0.9906
2014-02-28,0.9799
2014-03-03,1.0007
2014-03-04,0.9916
2014-03-05,0.9615
2014-03-06,0.9739
2014-03-07,0.9702
2014-03-10,0.9854
2014-03-11,0.9752
2014-03-12,0.9742
2014-03-13,0.9844
2014-03-14,0.9968
2014-03-17,0.9986
2014-03-18,0.9941
2014-03-19,0.9988
2014-03-20,1.0042
2014-03-21,0.9957
2014-03-24,0.9935
2014-03-25,0.9975
2014-03-26,0.9938
2014-03-27,0.9967
2014-03-28,1.0003
2014-03-31,0.9906
2014-04-01,1.0045
2014-04-02,1.0117
2014-04-03,0.9987
2014-04-04,0.9875
2014-04-07,0.9895
2014-04-08,0.9846
2014-04-09,0.9682
2014-04-10,0.966
2014-04-11,1.0
2014-04-14,0.9909
2014-04-15,0.9945
2014-04-16,1.0034
2014-04-17,1.0045
2014-04-21,0.9997
2014-04-22,1.0018
2014-04-23,0.9869
2014-04-24,0.9981
2014-04-25,0.9938
2014-04-28,1.0
2014-04-29,0.9925
2014-04-30,1.0
2014-05-01,1.0163
2014-05-02,1.0109
2014-05-05,0.999
2014-05-06,0.9795
2014-05-07,0.9777
2014-05-08,0.9974
2014-05-09,0.9727
2014-05-12,0.9756
2014-05-13,0.976
2014-05-14,0.9973
2014-05-15,1.0
2014-05-16,0.9989
2014-05-20,0.9986
2014-05-21,1.0005
2014-05-22,1.0119
2014-05-23,0.9951
2014-05-26,0.9831
2014-05-27,1.0
2014-05-28,0.9952
2014-05-29,0.9986
2014-05-30,1.0031
2014-06-02,1.0412
2014-06-03,1.0238
2014-06-04,1.013
2014-06-05,1.0114
2014-06-06,1.0149
2014-06-09,1.0085
2014-06-10,1.0015
2014-06-11,1.0
2014-06-12,1.0109
2014-06-13,1.0158
2014-06-16,1.0122
2014-06-17,1.0065
2014-06-18,1.0084
2014-06-19,0.9974
2014-06-20,0.9925
2014-06-23,1.0087
2014-06-24,1.0026
2014-06-25,0.9826
2014-06-26,0.976
2014-06-27,1.0009
2014-06-30,1.0206
2014-07-02,1.0255
2014-07-03,1.0229
2014-07-04,1.0234
2014-07-07,1.0028
2014-07-08,0.9986
2014-07-09,0.9968
2014-07-10,1.0003
2014-07-11,0.9972
2014-07-14,0.9906
2014-07-15,1.0003
2014-07-16,0.9895
2014-07-17,0.9943
2014-07-18,1.0011
2014-07-21,1.0036
2014-07-22,0.9971
2014-07-23,1.0005
2014-07-24,0.993
2014-07-25,1.0
2014-07-28,0.982
2014-07-29,0.9952
2014-07-30,0.9927
2014-07-31,1.032
2014-08-01,1.0565
2014-08-05,1.0051
2014-08-06,1.0027
2014-08-07,1.0
2014-08-08,0.9986
2014-08-11,0.9912
2014-08-12,1.0
2014-08-13,0.9832
2014-08-14,0.9971
2014-08-15,0.9974
2014-08-18,0.9928
2014-08-19,0.9894
2014-08-20,0.9986
2014-08-21,0.9923
2014-08-22,0.991
2014-08-25,0.9957
2014-08-26,1.0143
2014-08-27,0.9929
2014-08-28,0.995
2014-08-29,0.9943
2014-09-02,1.0
2014-09-03,0.997
2014-09-04,0.9959
2014-09-05,0.9861
2014-09-08,0.9987
2014-09-09,0.9937
2014-09-10,0.9966
2014-09-11,0.9975
2014-09-12,1.0257
2014-09-15,1.003
2014-09-16,1.0025
2014-09-17,1.0026
2014-09-18,0.996
2014-09-19,0.9979
2014-09-22,1.0125
2014-09-23,0.9813
2014-09-24,0.9875
2014-09-25,1.0138
2014-09-26,1.031
2014-09-29,1.0046
2014-09-30,1.0021
2014-10-01,1.045
2014-10-02,1.0238
2014-10-03,1.0174
2014-10-06,1.0
2014-10-07,1.0
2014-10-08,0.9918
2014-10-09,0.9995
2014-10-10,0.9976
2014-10-14,0.9914
2014-10-15,1.0
2014-10-16,1.0009
2014-10-17,1.0076
2014-10-20,1.0228
2014-10-21,1.0213
2014-10-22,1.0147
2014-10-23,1.033
2014-10-24,1.0172
2014-10-27,1.0172
2014-10-28,1.0123
2014-10-29,0.9964
2014-10-30,0.9925
2014-10-31,0.9944
2014-11-03,1.0268
2014-11-04,1.0308
2014-11-05,0.996
2014-11-06,1.0213
2014-11-07,1.0242
2014-11-10,1.0082
2014-11-12,1.0036
2014-11-13,1.0052
2014-11-14,1.0023
2014-11-17,1.0275
2014-11-18,1.0202
2014-11-19,0.9954
2014-11-20,1.0163
2014-11-21,1.0097
2014-11-24,1.0042
2014-11-25,0.9773
2014-11-26,0.9772
2014-11-27,0.9979
2014-11-28,1.0304
2014-12-01,1.0499
2014-12-02,1.0483
2014-12-03,1.0039
2014-12-04,1.0332
2014-12-05,1.0271
2014-12-08,1.0075
2014-12-09,0.9982
2014-12-10,0.9812
2014-12-11,1.0
2014-12-12,0.9938
2014-12-15,1.0007
2014-12-16,1.0057
2014-12-17,1.0051
2014-12-18,1.0459
2014-12-19,1.0617
2014-12-22,1.0384
2014-12-23,1.0156
2014-12-24,1.0334
2014-12-29,1.0103
2014-12-30,1.0285
2014-12-31,0.9926
2015-01-02,1.0181
2015-01-05,1.0383
2015-01-06,1.0094
2015-01-07,1.0
2015-01-08,1.0054
2015-01-09,1.0079
2015-01-12,1.0
2015-01-13,0.9866
2015-01-14,1.0
2015-01-15,1.022
2015-01-16,1.0037
2015-01-19,0.9991
2015-01-20,1.0
2015-01-21,0.8014
2015-01-22,0.7466
2015-01-23,0.7412
2015-01-26,0.75
2015-01-27,0.7465
2015-01-28,0.7442
2015-01-29,0.7516
2015-01-30,0.7715
2015-02-02,0.8787
2015-02-03,0.7691
2015-02-04,0.7387
2015-02-05,0.7695
2015-02-06,0.7738
2015-02-09,0.7762
2015-02-10,0.7621
2015-02-11,0.7755
2015-02-12,0.7737
2015-02-13,0.8067
2015-02-17,0.7714
2015-02-18,0.7728
2015-02-19,0.78
2015-02-20,0.7884
2015-02-23,0.7604
2015-02-24,0.775
2015-02-25,0.8171
2015-02-26,0.794
2015-02-27,0.7949
2015-03-02,0.8072
2015-03-03,0.7935
2015-03-04,0.7475
2015-03-05,0.7359
2015-03-06,0.7188
2015-03-09,0.7478
2015-03-10,0.7395
2015-03-11,0.7086
2015-03-12,0.7392
2015-03-13,0.7753
2015-03-16,0.7939
2015-03-17,0.7661
2015-03-18,0.7532
2015-03-19,0.7628
2015-03-20,0.7614
2015-03-23,0.7659
2015-03-24,0.7615
2015-03-25,0.7564
2015-03-26,0.7589
2015-03-27,0.7642
2015-03-30,0.7624
2015-03-31,0.7713
2015-04-01,0.8031
2015-04-02,0.82
2015-04-06,0.7671
2015-04-07,0.7667
2015-04-08,0.7467
2015-04-09,0.7412
2015-04-10,0.7124
2015-04-13,0.7372
2015-04-14,0.7455
2015-04-15,0.7664
2015-04-16,0.7617
2015-04-17,0.7476
2015-04-20,0.7379
2015-04-21,0.7398
2015-04-22,0.7249
2015-04-23,0.7342
2015-04-24,0.7371
2015-04-27,0.7321
2015-04-28,0.7325
2015-04-29,0.7313
2015-04-30,0.7448
2015-05-01,0.7556
2015-05-04,0.7408
2015-05-05,0.752
2015-05-06,0.7255
2015-05-07,0.7528
2015-05-08,0.7468
2015-05-11,0.7481
2015-05-12,0.7098
2015-05-13,0.6944
2015-05-14,0.7169
2015-05-15,0.6984
2015-05-19,0.6939
2015-05-20,0.6771
2015-05-21,0.7144
2015-05-22,0.7027
2015-05-25,0.7006
2015-05-26,0.73
2015-05-27,0.7007
2015-05-28,0.7411
2015-05-29,0.7265
2015-06-01,0.758
2015-06-02,0.7805
2015-06-03,0.7533
2015-06-04,0.7778
2015-06-05,0.7308
2015-06-08,0.7443
2015-06-09,0.7368
2015-06-10,0.7417
2015-06-11,0.7159
2015-06-12,0.7381
2015-06-15,0.7368
2015-06-16,0.7479
2015-06-17,0.7444
2015-06-18,0.7353
2015-06-19,0.7465
2015-06-22,0.7545
2015-06-23,0.739
2015-06-24,0.7274
2015-06-25,0.7427
2015-06-26,0.7492
2015-06-29,0.7526
2015-06-30,0.7741
2015-07-02,0.7733
2015-07-03,0.7888
2015-07-06,0.7318
2015-07-07,0.7568
2015-07-08,0.7402
2015-07-09,0.7558
2015-07-10,0.741
2015-07-13,0.728
2015-07-14,0.75
2015-07-15,0.493
2015-07-16,0.5466
2015-07-17,0.5371
2015-07-20,0.5478
2015-07-21,0.52
2015-07-22,0.5055
2015-07-23,0.5123
2015-07-24,0.5104
2015-07-27,0.519
2015-07-28,0.5622
2015-07-29,0.5521
2015-07-30,0.551
2015-07-31,0.5751
2015-08-04,0.5429
2015-08-05,0.5036
2015-08-06,0.5276
2015-08-07,0.5073
2015-08-10,0.5016
2015-08-11,0.4923
2015-08-12,0.5011
2015-08-13,0.5561
2015-08-14,0.5416
2015-08-17,0.5388
2015-08-18,0.5265
2015-08-19,0.507
2015-08-20,0.5198
2015-08-21,0.5164
2015-08-24,0.5089
2015-08-25,0.5215
2015-08-26,0.5181
2015-08-27,0.5661
2015-08-28,0.5903
2015-08-31,0.5956
2015-09-01,0.5269
2015-09-02,0.5272
2015-09-03,0.5125
2015-09-04,0.5167
2015-09-08,0.512
2015-09-09,0.4803
2015-09-10,0.509
2015-09-11,0.4911
2015-09-14,0.4983
2015-09-15,0.5077
2015-09-16,0.4535
2015-09-17,0.4936
2015-09-18,0.4999
2015-09-21,0.4764
2015-09-22,0.4888
2015-09-23,0.4704
2015-09-24,0.502
2015-09-25,0.5051
2015-09-28,0.4797
2015-09-29,0.4965
2015-09-30,0.542
2015-10-01,0.5279
2015-10-02,0.5287
2015-10-05,0.5028
2015-10-06,0.4955
2015-10-07,0.4917
2015-10-08,0.5045
2015-10-09,0.5121
2015-10-13,0.5084
2015-10-14,0.4939
2015-10-15,0.5074
2015-10-16,0.4953
2015-10-19,0.4974
2015-10-20,0.478
2015-10-21,0.4726
2015-10-22,0.4999
2015-10-23,0.4985
2015-10-26,0.5097
2015-10-27,0.5243
2015-10-28,0.5296
2015-10-29,0.522
2015-10-30,0.526
2015-11-02,0.5268
2015-11-03,0.4942
2015-11-04,0.4737
2015-11-05,0.4973
2015-11-06,0.4933
2015-11-09,0.4837
2015-11-10,0.5
2015-11-12,0.4983
2015-11-13,0.5
2015-11-16,0.5084
2015-11-17,0.5002
2015-11-18,0.478
2015-11-19,0.489
2015-11-20,0.4963
2015-11-23,0.4867
2015-11-24,0.4919
2015-11-25,0.5
2015-11-26,0.5
2015-11-27,0.5
2015-11-30,0.541
2015-12-01,0.5305
2015-12-02,0.516
2015-12-03,0.5387
2015-12-04,0.5164
2015-12-07,0.5252
2015-12-08,0.516
2015-12-09,0.5093
2015-12-10,0.5102
2015-12-11,0.5066
2015-12-14,0.5273
2015-12-15,0.5404
2015-12-16,0.5466
2015-12-17,0.5429
2015-12-18,0.5274
2015-12-21,0.539
2015-12-22,0.5274
2015-12-23,0.5425
2015-12-24,0.54
2015-12-29,0.5503
2015-12-30,0.5442
2015-12-31,0.5537
2016-01-04,0.526
2016-01-05,0.5436
2016-01-06,0.5281
2016-01-07,0.5163
2016-01-08,0.5203
2016-01-11,0.5212
2016-01-12,0.5202
2016-01-13,0.5234
2016-01-14,0.5259
2016-01-15,0.5457
2016-01-18,0.5138
2016-01-19,0.52
2016-01-20,0.5417
2016-01-21,0.5292
2016-01-22,0.5282
2016-01-25,0.5262
2016-01-26,0.53
2016-01-27,0.5454
2016-01-28,0.5491
2016-01-29,0.5349
2016-02-01,0.5154
2016-02-02,0.519
2016-02-03,0.514
2016-02-04,0.5096
2016-02-05,0.5093
2016-02-08,0.5049
2016-02-09,0.5069
2016-02-10,0.4997
2016-02-11,0.5135
2016-02-12,0.5081
2016-02-16,0.5384
2016-02-17,0.5093
2016-02-18,0.5043
2016-02-19,0.5024
2016-02-22,0.5022
2016-02-23,0.5092
2016-02-24,0.5031
2016-02-25,0.5255
2016-02-26,0.512
2016-02-29,0.4961
2016-03-01,0.5069
2016-03-02,0.5086
2016-03-03,0.5085
2016-03-04,0.5036
2016-03-07,0.5065
2016-03-08,0.5053
2016-03-09,0.4975
2016-03-10,0.5092
2016-03-11,0.5086
2016-03-14,0.5054
2016-03-15,0.5055
2016-03-16,0.5065
2016-03-17,0.5027
2016-03-18,0.5042
2016-03-21,0.5084
2016-03-22,0.5101
2016-03-23,0.5039
2016-03-24,0.5104
2016-03-28,0.5036
2016-03-29,0.5025
2016-03-30,0.5091
2016-03-31,0.5069
2016-04-01,0.5105
2016-04-04,0.5119
2016-04-05,0.5242
2016-04-06,0.5258
2016-04-07,0.522
2016-04-08,0.5186
2016-04-11,0.515
2016-04-12,0.5144
2016-04-13,0.5113
2016-04-14,0.5083
2016-04-15,0.5251
2016-04-18,0.5134
2016-04-19,0.511
2016-04-20,0.5151
2016-04-21,0.5224
2016-04-22,0.5172
2016-04-25,0.5211
2016-04-26,0.5224
2016-04-27,0.52
2016-04-28,0.5211
2016-04-29,0.524
2016-05-02,0.5166
2016-05-03,0.5171
2016-05-04,0.508
2016-05-05,0.5178
2016-05-06,0.504
2016-05-09,0.5071
2016-05-10,0.5096
2016-05-11,0.5002
2016-05-12,0.5086
2016-05-13,0.5115
2016-05-16,0.519
2016-05-17,0.4979
2016-05-18,0.5125
2016-05-19,0.4958
2016-05-20,0.506
2016-05-24,0.4909
2016-05-25,0.4954
2016-05-26,0.5179
2016-05-27,0.5414
2016-05-30,0.5315
2016-05-31,0.5372
2016-06-01,0.5453
2016-06-02,0.5491
2016-06-03,0.5356
2016-06-06,0.5163
2016-06-07,0.5325
2016-06-08,0.5089
2016-06-09,0.5073
2016-06-10,0.5084
2016-06-13,0.5118
2016-06-14,0.5068
2016-06-15,0.5271
2016-06-16,0.5328
2016-06-17,0.5395
2016-06-20,0.511
2016-06-21,0.5206
2016-06-22,0.5099
2016-06-23,0.5105
2016-06-24,0.5194
2016-06-27,0.511
2016-06-28,0.5274
2016-06-29,0.5167
2016-06-30,0.5454
2016-07-04,0.5334
2016-07-05,0.5231
2016-07-06,0.5231
2016-07-07,0.5159
2016-07-08,0.5204
2016-07-11,0.5294
2016-07-12,0.527
2016-07-13,0.5249
2016-07-14,0.5256
2016-07-15,0.5274
2016-07-18,0.5423
2016-07-19,0.5246
2016-07-20,0.5405
2016-07-21,0.5415
2016-07-22,0.5518
2016-07-25,0.5439
2016-07-26,0.5748
2016-07-27,0.5383
2016-07-28,0.549
2016-07-29,0.5696
2016-08-02,0.5455
2016-08-03,0.5163
2016-08-04,0.5082
2016-08-05,0.5011
2016-08-08,0.5101
2016-08-09,0.5086
2016-08-10,0.51
2016-08-11,0.5059
2016-08-12,0.5033
2016-08-15,0.5155
2016-08-16,0.5108
2016-08-17,0.5082
2016-08-18,0.517
2016-08-19,0.5125
2016-08-22,0.5086
2016-08-23,0.5073
2016-08-24,0.4956
2016-08-25,0.4944
2016-08-26,0.4938
2016-08-29,0.4988
2016-08-30,0.4817
2016-08-31,0.4678
2016-09-01,0.5126
2016-09-02,0.5125
2016-09-06,0.5019
2016-09-07,0.5003
2016-09-08,0.5075
2016-09-09,0.5124
2016-09-12,0.5081
2016-09-13,0.5099
2016-09-14,0.5082
2016-09-15,0.4982
2016-09-16,0.4967
2016-09-19,0.4964
2016-09-20,0.5008
2016-09-21,0.4916
2016-09-22,0.5027
2016-09-23,0.5013
2016-09-26,0.4998
2016-09-27,0.5035
2016-09-28,0.5006
2016-09-29,0.5228
2016-09-30,0.54
2016-10-03,0.5172
2016-10-04,0.5181
2016-10-05,0.5095
2016-10-06,0.522
2016-10-07,0.5094
2016-10-11,0.5047
2016-10-12,0.4897
2016-10-13,0.4984
2016-10-14,0.4899
2016-10-17,0.5148
2016-10-18,0.5095
2016-10-19,0.4942
2016-10-20,0.4815
2016-10-21,0.4816
2016-10-24,0.462
2016-10-25,0.4659
2016-10-26,0.4669
2016-10-27,0.489
2016-10-28,0.4816
2016-10-31,0.5217
2016-11-01,0.5266
2016-11-02,0.5171
2016-11-03,0.5045
2016-11-04,0.5076
2016-11-07,0.5079
2016-11-08,0.5051
2016-11-09,0.5041
2016-11-10,0.4948
2016-11-14,0.4824
2016-11-15,0.4981
2016-11-16,0.4852
2016-11-17,0.489
2016-11-18,0.4929
2016-11-21,0.497
2016-11-22,0.4982
2016-11-23,0.4838
2016-11-24,0.4966
2016-11-25,0.4841
2016-11-28,0.4918
2016-11-29,0.4709
2016-11-30,0.4507
2016-12-01,0.5094
2016-12-02,0.48
2016-12-05,0.5038
2016-12-06,0.5008
2016-12-07,0.5
2016-12-08,0.5018
2016-12-09,0.4925
2016-12-12,0.4851
2016-12-13,0.491
2016-12-14,0.5029
2016-12-15,0.533
2016-12-16,0.5
2016-12-19,0.4956
2016-12-20,0.501
2016-12-21,0.5007
2016-12-22,0.4902
2016-12-23,0.496
2016-12-28,0.5111
2016-12-29,0.5133
2016-12-30,0.493
2017-01-03,0.5424
2017-01-04,0.5284
2017-01-05,0.5213
2017-01-06,0.5158
2017-01-09,0.497
2017-01-10,0.4977
2017-01-11,0.4866
2017-01-12,0.5
2017-01-13,0.4949
2017-01-16,0.4992
2017-01-17,0.498
2017-01-18,0.4978
2017-01-19,0.485
2017-01-20,0.4971
2017-01-23,0.4869
2017-01-24,0.5
2017-01-25,0.4996
2017-01-26,0.4998
2017-01-27,0.4979
2017-01-30,0.4873
2017-01-31,0.4991
2017-02-01,0.5166
2017-02-02,0.4936
2017-02-03,0.4782
2017-02-06,0.4807
2017-02-07,0.4986
2017-02-08,0.45
2017-02-09,0.4922
2017-02-10,0.4811
2017-02-13,0.4984
2017-02-14,0.4891
2017-02-15,0.472
2017-02-16,0.4824
2017-02-17,0.4899
2017-02-21,0.491
2017-02-22,0.491
2017-02-23,0.4944
2017-02-24,0.4965
2017-02-27,0.5027
2017-02-28,0.5003
2017-03-01,0.4985
2017-03-02,0.4987
2017-03-03,0.479
2017-03-06,0.4829
2017-03-07,0.5
2017-03-08,0.4902
2017-03-09,0.5
2017-03-10,0.4585
2017-03-13,0.4552
2017-03-14,0.4951
2017-03-15,0.4776
2017-03-16,0.4773
2017-03-17,0.4627
2017-03-20,0.5
2017-03-21,0.4987
2017-03-22,0.4839
2017-03-23,0.506
2017-03-24,0.5163
2017-03-27,0.5075
2017-03-28,0.5069
2017-03-29,0.5269
2017-03-30,0.5232
2017-03-31,0.5298
2017-04-03,0.5392
2017-04-04,0.5354
2017-04-05,0.5183
2017-04-06,0.5187
2017-04-07,0.5152
2017-04-10,0.5072
2017-04-11,0.4842
2017-04-12,0.4846
2017-04-13,0.4978
2017-04-17,0.4846
2017-04-18,0.4869
2017-04-19,0.4817
2017-04-20,0.4785
2017-04-21,0.4903
2017-04-24,0.5036
2017-04-25,0.5016
2017-04-26,0.4998
2017-04-27,0.5064
2017-04-28,0.6076
2017-05-01,0.5228
2017-05-02,0.5089
2017-05-03,0.493
2017-05-04,0.4826
2017-05-05,0.491
2017-05-08,0.4887
2017-05-09,0.4869
2017-05-10,0.4848
2017-05-11,0.5
2017-05-12,0.4861
2017-05-15,0.4903
2017-05-16,0.48
2017-05-17,0.5
2017-05-18,0.4975
2017-05-19,0.4572
2017-05-23,0.5
2017-05-24,0.47
2017-05-25,0.4866
2017-05-26,0.4813
2017-05-29,0.48
2017-05-30,0.4919
2017-05-31,0.491
2017-06-01,0.5205
2017-06-02,0.5313
2017-06-05,0.4942
2017-06-06,0.4725
2017-06-07,0.469
2017-06-08,0.4782
2017-06-09,0.4757
2017-06-12,0.475
2017-06-13,0.4702
2017-06-14,0.48
2017-06-15,0.4871
2017-06-16,0.4851
2017-06-19,0.5
2017-06-20,0.4982
2017-06-21,0.4983
2017-06-22,0.4894
2017-06-23,0.4811
2017-06-26,0.4961
2017-06-27,0.5
2017-06-28,0.5
2017-06-29,0.5214
2017-06-30,0.5338
2017-07-04,0.5167
2017-07-05,0.5074
2017-07-06,0.4983
2017-07-07,0.4935
2017-07-10,0.4979
2017-07-11,0.4988
2017-07-12,0.7372
2017-07-13,0.7529
2017-07-14,0.7471
2017-07-17,0.7471
2017-07-18,0.7429
2017-07-19,0.7394
2017-07-20,0.743
2017-07-21,0.747
2017-07-24,0.75
2017-07-25,0.7427
2017-07-26,0.75
2017-07-27,0.7511
2017-07-28,0.7436
2017-07-31,0.75
2017-08-01,0.7482
2017-08-02,0.7465
2017-08-03,0.729
2017-08-04,0.7325
2017-08-08,0.7107
2017-08-09,0.7359
2017-08-10,0.7395
2017-08-11,0.7523
2017-08-14,0.7458
2017-08-15,0.7413
2017-08-16,0.7508
2017-08-17,0.7544
2017-08-18,0.75
2017-08-21,0.7514
2017-08-22,0.75
2017-08-23,0.7474
2017-08-24,0.7524
2017-08-25,0.7463
2017-08-28,0.7439
2017-08-29,0.7486
2017-08-30,0.75
2017-08-31,0.7549
2017-09-01,0.7903
2017-09-05,0.7683
2017-09-06,1.0215
2017-09-07,1.0215
2017-09-08,1.0099
2017-09-11,1.0055
2017-09-12,1.001
2017-09-13,0.9997
2017-09-14,1.0028
2017-09-15,0.9995
2017-09-18,0.9978
2017-09-19,1.0
2017-09-20,1.0
2017-09-21,0.9947
2017-09-22,0.9929
2017-09-25,0.9568
2017-09-26,0.9095
2017-09-27,0.9913
2017-09-28,0.9819
2017-09-29,0.9954
2017-10-02,1.0373
2017-10-03,1.0085
2017-10-04,0.9985
2017-10-05,0.986
2017-10-06,1.0
2017-10-10,0.9577
2017-10-11,0.969
2017-10-12,0.9156
2017-10-13,0.9964
2017-10-16,0.994
2017-10-17,0.9833
2017-10-18,0.9856
2017-10-19,1.0
2017-10-20,0.9747
2017-10-23,0.993
2017-10-24,0.9807
2017-10-25,0.97
2017-10-26,0.9951
2017-10-27,0.9808
2017-10-30,0.98
2017-10-31,1.0
2017-11-01,1.0067
2017-11-02,1.0221
2017-11-03,0.988
2017-11-06,1.0
2017-11-07,1.0
2017-11-08,0.9854
2017-11-09,0.9749
2017-11-10,0.9822
2017-11-14,0.9872
2017-11-15,0.9719
2017-11-16,0.994
2017-11-17,0.9802
2017-11-20,1.017
2017-11-21,0.9925
2017-11-22,0.9784
2017-11-23,0.9838
2017-11-24,0.9716
2017-11-27,1.0
2017-11-28,1.0
2017-11-29,0.97
2017-11-30,1.0075
2017-12-01,1.0212
2017-12-04,1.004
2017-12-05,0.9692
2017-12-06,0.9665
2017-12-07,0.9542
2017-12-08,0.9851
2017-12-11,0.9881
2017-12-12,0.9839
2017-12-13,0.9743
2017-12-14,0.997
2017-12-15,1.0367
2017-12-18,1.0354
2017-12-19,0.9905
2017-12-20,0.9859
2017-12-21,1.0253
2017-12-22,1.0336
2017-12-27,1.0187
2017-12-28,1.0088
2017-12-29,1.0
2018-01-02,1.0106
2018-01-03,0.9764
2018-01-04,0.9917
2018-01-05,0.9785
2018-01-08,0.9972
2018-01-09,0.9608
2018-01-10,0.9791
2018-01-11,0.9961
2018-01-12,0.9973
2018-01-15,0.9876
2018-01-16,1.0003
2018-01-17,1.2464
2018-01-18,1.2436
2018-01-19,1.2293
2018-01-22,1.2
2018-01-23,1.2214
2018-01-24,1.2155
2018-01-25,1.2343
2018-01-26,1.2375
2018-01-29,1.239
2018-01-30,1.2346
2018-01-31,1.2424
2018-02-01,1.2453
2018-02-02,1.2391
2018-02-05,1.2113
2018-02-06,1.2234
2018-02-07,1.2191
2018-02-08,1.2285
2018-02-09,1.2285
2018-02-12,1.2346
2018-02-13,1.2333
2018-02-14,1.2256
2018-02-15,1.23
2018-02-16,1.2463
2018-02-20,1.2055
2018-02-21,1.1876
2018-02-22,1.2187
2018-02-23,1.2129
2018-02-26,1.2362
2018-02-27,1.235
2018-02-28,1.2319
2018-03-01,1.252
2018-03-02,1.25
2018-03-05,1.2333
2018-03-06,1.2104
2018-03-07,1.23
2018-03-08,1.2223
2018-03-09,1.2335
2018-03-12,1.1694
2018-03-13,1.2041
2018-03-14,1.2095
2018-03-15,1.2091
2018-03-16,1.2176
2018-03-19,1.2133
2018-03-20,1.25
2018-03-21,1.2119
2018-03-22,1.2155
2018-03-23,1.2305
2018-03-26,1.2684
2018-03-27,1.2937
2018-03-28,1.2785
2018-03-29,1.2951
2018-04-02,1.3112
2018-04-03,1.2828
2018-04-04,1.2482
2018-04-05,1.2838
2018-04-06,1.2056
2018-04-09,1.2075
2018-04-10,1.2437
2018-04-11,1.2217
2018-04-12,1.235
2018-04-13,1.2512
2018-04-16,1.2602
2018-04-17,1.2464
2018-04-18,1.2623
2018-04-19,1.2689
2018-04-20,1.2549
2018-04-23,1.2593
2018-04-24,1.2638
2018-04-25,1.27
2018-04-26,1.2776
2018-04-27,1.2556
2018-04-30,1.2731
2018-05-01,1.2696
2018-05-02,1.2575
2018-05-03,1.2476
2018-05-04,1.2463
2018-05-07,1.2562
2018-05-08,1.2496
2018-05-09,1.2466
2018-05-10,1.2465
2018-05-11,1.2391
2018-05-14,1.2424
2018-05-15,1.2476
2018-05-16,1.2394
2018-05-17,1.234
2018-05-18,1.2273
2018-05-22,1.25
2018-05-23,1.2154
2018-05-24,1.2339
2018-05-25,1.244
2018-05-28,1.2431
2018-05-29,1.2517
2018-05-30,1.27
2018-05-31,1.2638
2018-06-01,1.3045
2018-06-04,1.2783
2018-06-05,1.2772
2018-06-06,1.2551
2018-06-07,1.2556
2018-06-08,1.235
2018-06-11,1.255
2018-06-12,1.2821
2018-06-13,1.2549
2018-06-14,1.2488
2018-06-15,1.2617
2018-06-18,1.2699
2018-06-19,1.2734
2018-06-20,1.2646
2018-06-21,1.2637
2018-06-22,1.2563
2018-06-25,1.2683
2018-06-26,1.2539
2018-06-27,1.2638
2018-06-28,1.2235
2018-06-29,1.2784
2018-07-03,1.2613
2018-07-04,1.2473
2018-07-05,1.2408
2018-07-06,1.232
2018-07-09,1.2258
2018-07-10,1.2111
2018-07-11,1.4713
2018-07-12,1.4786
2018-07-13,1.4967
2018-07-16,1.4982
2018-07-17,1.4815
2018-07-18,1.4577
2018-07-19,1.4706
2018-07-20,1.511
2018-07-23,1.4844
2018-07-24,1.4927
2018-07-25,1.5031
2018-07-26,1.5353
2018-07-27,1.5408
2018-07-30,1.522
2018-07-31,1.5467
2018-08-01,1.5577
2018-08-02,1.507
2018-08-03,1.4884
2018-08-07,1.4593
2018-08-08,1.4581
2018-08-09,1.45
2018-08-10,1.4744
2018-08-13,1.467
2018-08-14,1.4736
2018-08-15,1.4804
2018-08-16,1.4876
2018-08-17,1.4738
2018-08-20,1.4775
2018-08-21,1.4792
2018-08-22,1.48
2018-08-23,1.4714
2018-08-24,1.4717
2018-08-27,1.4708
2018-08-28,1.4738
2018-08-29,1.476
2018-08-30,1.4775
2018-08-31,1.5
2018-09-04,1.5113
2018-09-05,1.5082
2018-09-06,1.4977
2018-09-07,1.4962
2018-09-10,1.4986
2018-09-11,1.4954
2018-09-12,1.4784
2018-09-13,1.4802
2018-09-14,1.5093
2018-09-17,1.4839
2018-09-18,1.5
2018-09-19,1.479
2018-09-20,1.5
2018-09-21,1.4846
2018-09-24,1.4946
2018-09-25,1.4988
2018-09-26,1.4928
2018-09-27,1.5101
2018-09-28,1.5322
2018-10-01,1.5334
2018-10-02,1.5
2018-10-03,1.5
2018-10-04,1.5
2018-10-05,1.48
2018-10-09,1.5
2018-10-10,1.5
2018-10-11,1.5006
2018-10-12,1.51
2018-10-15,1.4939
2018-10-16,1.5134
2018-10-17,1.5104
2018-10-18,1.5197
2018-10-19,1.552
2018-10-22,1.5
2018-10-23,1.5098
2018-10-24,1.7799
2018-10-25,1.771
2018-10-26,1.7526
2018-10-29,1.7363
2018-10-30,1.7336
2018-10-31,1.7621
2018-11-01,1.7648
2018-11-02,1.737
2018-11-05,1.7547
2018-11-06,1.7509
2018-11-07,1.7238
2018-11-08,1.7364
2018-11-09,1.7436
2018-11-13,1.7395
2018-11-14,1.7465
2018-11-15,1.7509
2018-11-16,1.7364
2018-11-19,1.7603
2018-11-20,1.743
2018-11-21,1.7436
2018-11-22,1.7429
2018-11-23,1.7565
2018-11-26,1.7589
2018-11-27,1.7684
2018-11-28,1.7935
2018-11-29,1.7814
2018-11-30,1.7631
2018-12-03,1.7561
2018-12-04,1.7532
2018-12-05,1.7744
2018-12-06,1.7666
2018-12-07,1.7724
2018-12-10,1.7649
2018-12-11,1.7635
2018-12-12,1.7543
2018-12-13,1.7625
2018-12-14,1.7769
2018-12-17,1.7789
2018-12-18,1.7863
2018-12-19,1.7895
2018-12-20,1.8049
2018-12-21,1.7732
2018-12-24,1.7917
2018-12-27,1.7999
2018-12-28,1.7947
2018-12-31,1.8187
2019-01-02,1.7989
2019-01-03,1.8
2019-01-04,1.7983
2019-01-07,1.7738
2019-01-08,1.7306
2019-01-09,1.7193
2019-01-10,1.7329
2019-01-11,1.7365
2019-01-14,1.7434
2019-01-15,1.75
2019-01-16,1.7491
2019-01-17,1.7474
2019-01-18,1.7477
2019-01-21,1.734
2019-01-22,1.7346
2019-01-23,1.718
2019-01-24,1.751
2019-01-25,1.7514
2019-01-28,1.7457
2019-01-29,1.7362
2019-01-30,1.75
2019-01-31,1.75
2019-02-01,1.7448
2019-02-04,1.75
2019-02-05,1.7475
2019-02-06,1.75
2019-02-07,1.75
2019-02-08,1.75
2019-02-11,1.75
2019-02-12,1.75
2019-02-13,1.75
2019-02-14,1.73
2019-02-15,1.7437
2019-02-19,1.75
2019-02-20,1.7068
2019-02-21,1.7439
2019-02-22,1.7254
2019-02-25,1.7244
2019-02-26,1.73
2019-02-27,1.7102
2019-02-28,1.735
2019-03-01,1.7415
2019-03-04,1.7248
2019-03-05,1.716
2019-03-06,1.7234
2019-03-07,1.7243
2019-03-08,1.7311
2019-03-11,1.7271
2019-03-12,1.741
2019-03-13,1.7279
2019-03-14,1.7344
2019-03-15,1.7557
2019-03-18,1.7516
2019-03-19,1.7375
2019-03-20,1.7473
2019-03-21,1.75
2019-03-22,1.7513
2019-03-25,1.75
2019-03-26,1.75
2019-03-27,1.7418
2019-03-28,1.7441
2019-03-29,1.7456
2019-04-01,1.7859
2019-04-02,1.7676
2019-04-03,1.7481
2019-04-04,1.7548
2019-04-05,1.7436
2019-04-08,1.7456
2019-04-09,1.7374
2019-04-10,1.7403
2019-04-11,1.7406
2019-04-12,1.755
2019-04-15,1.7573
2019-04-16,1.7426
2019-04-17,1.7295
2019-04-18,1.751
2019-04-22,1.7628
2019-04-23,1.7397
2019-04-24,1.7369
2019-04-25,1.7452
2019-04-26,1.7571
2019-04-29,1.7491
2019-04-30,1.7793
2019-05-01,1.7789
2019-05-02,1.7733
2019-05-03,1.7547
2019-05-06,1.7428
2019-05-07,1.7391
2019-05-08,1.7366
2019-05-09,1.7312
2019-05-10,1.7422
2019-05-13,1.7365
2019-05-14,1.7405
2019-05-15,1.7414
2019-05-16,1.7459
2019-05-17,1.7844
2019-05-21,1.7391
2019-05-22,1.7226
2019-05-23,1.731
2019-05-24,1.7359
2019-05-27,1.7353
2019-05-28,1.7373
2019-05-29,1.7316
2019-05-30,1.77
2019-05-31,1.7753
2019-06-03,1.7809
2019-06-04,1.7555
2019-06-05,1.7341
2019-06-06,1.721
2019-06-07,1.7217
2019-06-10,1.7275
2019-06-11,1.7218
2019-06-12,1.607
2019-06-13,1.6964
2019-06-14,1.7366
2019-06-17,1.7365
2019-06-18,1.7177
2019-06-19,1.7194
2019-06-20,1.7236
2019-06-21,1.7418
2019-06-24,1.7449
2019-06-25,1.7286
2019-06-26,1.7272
2019-06-27,1.7217
2019-06-28,1.6917
2019-07-02,1.7598
2019-07-03,1.7535
2019-07-04,1.7466
2019-07-05,1.7289
2019-07-08,1.7474
2019-07-09,1.7363
2019-07-10,1.7207
2019-07-11,1.7363
2019-07-12,1.7486
2019-07-15,1.7256
2019-07-16,1.745
2019-07-17,1.7463
2019-07-18,1.7444
2019-07-19,1.7492
2019-07-22,1.7317
2019-07-23,1.7515
2019-07-24,1.7523
2019-07-25,1.7522
2019-07-26,1.7763
2019-07-29,1.775
2019-07-30,1.7696
2019-07-31,1.7953
2019-08-01,1.7864
2019-08-02,1.7817
2019-08-06,1.7522
2019-08-07,1.75
2019-08-08,1.772
2019-08-09,1.7624
2019-08-12,1.7566
2019-08-13,1.7457
2019-08-14,1.7573
2019-08-15,1.7473
2019-08-16,1.7498
2019-08-19,1.7416
2019-08-20,1.7427
2019-08-21,1.7471
2019-08-22,1.7448
2019-08-23,1.748
2019-08-26,1.7431
2019-08-27,1.742
2019-08-28,1.75
2019-08-29,1.75
2019-08-30,1.7495
2019-09-03,1.7691
2019-09-04,1.7547
2019-09-05,1.7547
2019-09-06,1.7531
2019-09-09,1.7491
2019-09-10,1.7485
2019-09-11,1.7473
2019-09-12,1.7492
2019-09-13,1.7452
2019-09-16,1.7634
2019-09-17,1.752
2019-09-18,1.7482
2019-09-19,1.748
2019-09-20,1.7437
2019-09-23,1.7272
2019-09-24,1.7439
2019-09-25,1.7233
2019-09-26,1.7404
2019-09-27,1.7358
2019-09-30,1.7475
2019-10-01,1.7532
2019-10-02,1.7543
2019-10-03,1.7481
2019-10-04,1.7494
2019-10-07,1.749
2019-10-08,1.7466
2019-10-09,1.7438
2019-10-10,1.744
2019-10-11,1.7507
2019-10-15,1.7572
2019-10-16,1.7435
2019-10-17,1.7366
2019-10-18,1.7442
2019-10-21,1.7468
2019-10-22,1.7438
2019-10-23,1.7447
2019-10-24,1.7443
2019-10-25,1.7553
2019-10-28,1.7579
2019-10-29,1.7482
2019-10-30,1.7414
2019-10-31,1.7619
2019-11-01,1.7668
2019-11-04,1.7651
2019-11-05,1.75
2019-11-06,1.7371
2019-11-07,1.7303
2019-11-08,1.746
2019-11-12,1.7448
2019-11-13,1.7394
2019-11-14,1.7465
2019-11-15,1.7498
2019-11-18,1.745
2019-11-19,1.7411
2019-11-20,1.7311
2019-11-21,1.7394
2019-11-22,1.7411
2019-11-25,1.7362
2019-11-26,1.7467
2019-11-27,1.7488
2019-11-28,1.75
2019-11-29,1.7466
2019-12-02,1.7519
2019-12-03,1.7498
2019-12-04,1.7474
2019-12-05,1.7484
2019-12-06,1.7473
2019-12-09,1.7456
2019-12-10,1.7424
2019-12-11,1.7473
2019-12-12,1.7467
2019-12-13,1.7523
2019-12-16,1.755
2019-12-17,1.7573
2019-12-18,1.7552
2019-12-19,1.7504
2019-12-20,1.7458
2019-12-23,1.731
2019-12-24,1.7486
2019-12-27,1.7482
2019-12-30,1.7416
2019-12-31,1.7813
2020-01-02,1.7745
2020-01-03,1.7645
2020-01-06,1.7453
2020-01-07,1.7441
2020-01-08,1.7419
2020-01-09,1.7475
2020-01-10,1.745
2020-01-13,1.7438
2020-01-14,1.7432
2020-01-15,1.7259
2020-01-16,1.7409
2020-01-17,1.7436
2020-01-20,1.7438
2020-01-21,1.7462
2020-01-22,1.7441
2020-01-23,1.7467
2020-01-24,1.7473
2020-01-27,1.7471
2020-01-28,1.7474
2020-01-29,1.7434
2020-01-30,1.7462
2020-01-31,1.7555
2020-02-03,1.7606
2020-02-04,1.7503
2020-02-05,1.7506
2020-02-06,1.7409
2020-02-07,1.7476
2020-02-10,1.7456
2020-02-11,1.7476
2020-02-12,1.7448
2020-02-13,1.7467
2020-02-14,1.748
2020-02-18,1.7486
2020-02-19,1.7476
2020-02-20,1.7472
2020-02-21,1.7458
2020-02-24,1.7478
2020-02-25,1.7499
2020-02-26,1.7445
2020-02-27,1.7398
2020-02-28,1.7517
2020-03-02,1.7494
2020-03-03,1.7489
2020-03-04,1.2487
2020-03-05,1.2498
2020-03-06,1.2473
2020-03-09,1.2497
2020-03-10,1.2474
2020-03-11,1.2476
2020-03-12,1.2487
2020-03-13,1.2508
2020-03-16,0.7654
2020-03-17,0.7803
2020-03-18,0.7862
2020-03-19,0.7811
2020-03-20,0.7838
2020-03-23,0.7761
2020-03-24,0.7591
2020-03-25,0.7583
2020-03-26,0.7309
2020-03-27,0.1516
2020-03-30,0.2113
2020-03-31,0.191
2020-04-01,0.2001
2020-04-02,0.1955
2020-04-03,0.1799
2020-04-06,0.1707
2020-04-07,0.1656
2020-04-08,0.1392
2020-04-09,0.1519
2020-04-13,0.1371
2020-04-14,0.1377
2020-04-15,0.22
2020-04-16,0.2015
2020-04-17,0.2046
2020-04-20,0.1931
2020-04-21,0.193
2020-04-22,0.2017
2020-04-23,0.1705
2020-04-24,0.1894
2020-04-27,0.1912
2020-04-28,0.1939
2020-04-29,0.1909
2020-04-30,0.2018
2020-05-01,0.1961
2020-05-04,0.1979
2020-05-05,0.2017
2020-05-06,0.2028
2020-05-07,0.2158
2020-05-08,0.2037
2020-05-11,0.2047
2020-05-12,0.2047
2020-05-13,0.1874
2020-05-14,0.2011
2020-05-15,0.2201
2020-05-19,0.2007
2020-05-20,0.2027
2020-05-21,0.1911
2020-05-22,0.229
2020-05-25,0.2291
2020-05-26,0.2426
2020-05-27,0.2437
2020-05-28,0.2558
2020-05-29,0.2408
2020-06-01,0.2254
2020-06-02,0.2231
2020-06-03,0.2207
2020-06-04,0.2212
2020-06-05,0.2213
2020-06-08,0.2132
2020-06-09,0.2212
2020-06-10,0.2289
2020-06-11,0.2218
2020-06-12,0.24
2020-06-15,0.22
2020-06-16,0.23
2020-06-17,0.24
2020-06-18,0.23
2020-06-19,0.25
2020-06-22,0.25
2020-06-23,0.25
2020-06-24,0.25
2020-06-25,0.25
2020-06-26,0.25
2020-06-29,0.25
2020-06-30,0.25
2020-07-02,0.25
2020-07-03,0.22
2020-07-06,0.22
2020-07-07,0.25
2020-07-08,0.25
2020-07-09,0.25
2020-07-10,0.25
2020-07-13,0.23
2020-07-14,0.25
2020-07-15,0.25
2020-07-16,0.25
2020-07-17,0.25
2020-07-20,0.25
2020-07-21,0.25
2020-07-22,0.25
2020-07-23,0.25
2020-07-24,0.25
2020-07-27,0.25
2020-07-28,0.25
2020-07-29,0.23
2020-07-30,0.23
2020-07-31,0.25
2020-08-04,0.23
2020-08-05,0.23
2020-08-06,0.25
2020-08-07,0.23
2020-08-10,0.25
2020-08-11,0.23
2020-08-12,0.23
2020-08-13,0.23
2020-08-14,0.23
2020-08-17,0.23
2020-08-18,0.23
2020-08-19,0.25
2020-08-20,0.23
2020-08-21,0.23
2020-08-24,0.23
2020-08-25,0.23
2020-08-26,0.23
2020-08-27,0.25
2020-08-28,0.25
2020-08-31,0.25
2020-09-01,0.24
2020-09-02,0.25
2020-09-03,0.23
2020-09-04,0.25
2020-09-08,0.23
2020-09-09,0.23
2020-09-10,0.23
2020-09-11,0.23
2020-09-14,0.23
2020-09-15,0.25
2020-09-16,0.25
2020-09-17,0.23
2020-09-18,0.23
2020-09-21,0.23
2020-09-22,0.23
2020-09-23,0.25
2020-09-24,0.25
2020-09-25,0.25
2020-09-28,0.22
2020-09-29,0.23
2020-09-30,0.21
2020-10-01,0.22
2020-10-02,0.25
2020-10-05,0.23
2020-10-06,0.25
2020-10-07,0.25
2020-10-08,0.2
2020-10-09,0.21
2020-10-13,0.22
2020-10-14,0.21
2020-10-15,0.25
2020-10-16,0.22
2020-10-19,0.25
2020-10-20,0.23
2020-10-21,0.22
2020-10-22,0.22
2020-10-23,0.21
2020-10-26,0.22
2020-10-27,0.22
2020-10-28,0.23
2020-10-29,0.23
2020-10-30,0.22
2020-11-02,0.2
2020-11-03,0.2
2020-11-04,0.21
2020-11-05,0.22
2020-11-06,0.2
2020-11-09,0.2
2020-11-10,0.19
2020-11-12,0.18
2020-11-13,0.2
2020-11-16,0.2
2020-11-17,0.21
2020-11-18,0.22
2020-11-19,0.21
2020-11-20,0.22
2020-11-23,0.2
2020-11-24,0.23
2020-11-25,0.22
2020-11-26,0.21
2020-11-27,0.22
2020-11-30,0.23
2020-12-01,0.21
2020-12-02,0.22
2020-12-03,0.2
2020-12-04,0.21
2020-12-07,0.2
2020-12-08,0.21
2020-12-09,0.21
2020-12-10,0.21
2020-12-11,0.2
2020-12-14,0.2
2020-12-15,0.2
2020-12-16,0.2
2020-12-17,0.2
2020-12-18,0.2
2020-12-21,0.2
2020-12-22,0.2
2020-12-23,0.2
2020-12-24,0.2
2020-12-29,0.2
2020-12-30,0.2
2020-12-31,0.2
2021-01-04,0.2
2021-01-05,0.2
2021-01-06,0.2
2021-01-07,0.2
2021-01-08,0.2
2021-01-11,0.2
2021-01-12,0.2
2021-01-13,0.2
2021-01-14,0.19
2021-01-15,0.15
2021-01-18,0.15
2021-01-19,0.15
2021-01-20,0.13
2021-01-21,0.15
2021-01-22,0.15
2021-01-25,0.2
2021-01-26,0.19
2021-01-27,0.19
2021-01-28,0.19
2021-01-29,0.18
2021-02-01,0.19
2021-02-02,0.19
2021-02-03,0.19
2021-02-04,0.19
2021-02-05,0.2
2021-02-08,0.2
2021-02-09,0.2
2021-02-10,0.18
2021-02-11,0.2
2021-02-12,0.2
2021-02-16,0.2
2021-02-17,0.2
2021-02-18,0.2
2021-02-19,0.2
2021-02-22,0.2
2021-02-23,0.2
2021-02-24,0.2
2021-02-25,0.2
2021-02-26,0.18
2021-03-01,0.18
2021-03-02,0.16
2021-03-03,0.16
2021-03-04,0.17
2021-03-05,0.17
2021-03-08,0.18
2021-03-09,0.19
2021-03-10,0.18
2021-03-11,0.18
2021-03-12,0.17
2021-03-15,0.17
2021-03-16,0.17
2021-03-17,0.16
2021-03-18,0.13
2021-03-19,0.13
2021-03-22,0.15
2021-03-23,0.14
2021-03-24,0.15
2021-03-25,0.15
2021-03-26,0.15
2021-03-29,0.17
2021-03-30,0.16
2021-03-31,0.14
2021-04-01,0.17
2021-04-05,0.16
2021-04-06,0.16
2021-04-07,0.15
2021-04-08,0.15
2021-04-09,0.15
2021-04-12,0.15
2021-04-13,0.15
2021-04-14,0.15
2021-04-15,0.15
2021-04-16,0.15
2021-04-19,0.17
2021-04-20,0.17
2021-04-21,0.17
2021-04-22,0.17
2021-04-23,0.17
2021-04-26,0.17
2021-04-27,0.17
2021-04-28,0.16
2021-04-29,0.16
2021-04-30,0.17
2021-05-03,0.18
2021-05-04,0.18
2021-05-05,0.17
2021-05-06,0.18
2021-05-07,0.18
2021-05-10,0.18
2021-05-11,0.18
2021-05-12,0.18
